siman,seif,text,hagah,text_raw
1,1,יתגבר כארי לעמוד בבוקר לעבודת בוראו שיהא הוא מעורר השחר,"ועל כל פנים לא יאחר זמן התפילה שהציבור מתפללין. שוויתי אלוהים לנגדי תמיד הוא כלל גדול בתורה ובמעלות הצדיקים אשר הולכים לפני האלוהים, כי אין ישיבת האדם ותנועותיו ועסקיו והוא לבדו בביתו כישיבתו ותנועותיו ועסקיו והוא לפני מלך גדול, ולא דבורו והרחבת פיו כרצונו והוא עם אנשי ביתו וקרוביו כדיבורו במושב המלך, כל שכן כשישים האדם אל לבו שהמלך הגדול אלוהים אשר מלא כל הארץ כבודו עומד עליו ורואה במעשיו, כמו שנאמר: אם יסתר איש במסתרים ואני לא אראנו נאום אלוהים, מיד יגיע אליו היראה וההכנעה ופחד אלוהים יתברך ובשתו ממנו תמיד ולא יתבייש מפני בני אדם המלעיגים עליו בעבודת אלוהים יתברך גם בהצנע לכת. ובשכבו על משכבו ידע לפני מי הוא שוכב, ומיד כשיעור משנתו יקום בזריזות לעבודת בוראו יתעלה ויתרומם","יִתְגַּבֵּר כַּאֲרִי לַעֲמֹד בַּבֹּקֶר לַעֲבוֹדַת בּוֹרְאוֹ שֶׁיְּהֵא הוּא מְעוֹרֵר הַשַּׁחַר: <small> הַגָּה: וְעַל כָּל פָּנִים לֹא יְאַחֵר זְמַן הַתְּפִלָּה שֶׁהַצִּבּוּר מִתְפַּלְּלִין. </small> <small><small>(טוּר)</small></small> <small> הַגָּה: </small> <small> שִׁוִּיתִי ה' לְנֶגְדִּי תָמִיד הוּא כְּלָל גָּדוֹל בַּתּוֹרָה וּבְמַעֲלוֹת הַצַּדִּיקִים אֲשֶׁר הוֹלְכִים לִפְנֵי הָאֱלֹהִים, כִּי אֵין יְשִׁיבַת הָאָדָם וּתְנוּעוֹתָיו וַעֲסָקָיו וְהוּא לְבַדּוֹ בְּבֵיתוֹ כִּישִׁיבָתוֹ וּתְנוּעוֹתָיו וַעֲסָקָיו וְהוּא לִפְנֵי מֶלֶךְ גָּדוֹל, וְלֹא דִּבּוּרוֹ וְהַרְחָבַת פִּיו כִּרְצוֹנוֹ וְהוּא עִם אַנְשֵׁי בֵּיתוֹ וּקְרוֹבָיו כְּדִבּוּרוֹ בְּמוֹשַׁב הַמֶּלֶךְ, כָּל שֶׁכֵּן כְּשֶׁיָּשִׂים הָאָדָם אֶל לִבּוֹ שֶׁהַמֶּלֶךְ הַגָּדוֹל הָקָּבָּ""ה אֲשֶׁר מְלֹא כָל הָאָרֶץ כְּבוֹדוֹ עוֹמֵד עָלָיו וְרוֹאֶה בְּמַעֲשָׂיו, כְּמוֹ שֶׁנֶּאֱמַר: אִם יִסָּתֵר אִישׁ בַּמִּסְתָּרִים וַאֲנִי לֹא אֶרְאֶנּוּ נְאֻם ה', מִיָּד יַגִּיעַ אֵלָיו הַיִּרְאָה וְהַהַכְנָעָה וּפַחַד ה' יִתְבָּרַךְ וּבָשְׁתּוֹ מִמֶּנּוּ תָּמִיד </small> <small><small>(מוֹרֵה נְבוֹכִים ח""ג פ' כ""ב)</small></small> <small> וְלֹא יִתְבַּיֵּשׁ מִפְּנֵי בְּנֵי אָדָם </small> <small> הַמַּלְעִיגִים עָלָיו בַּעֲבוֹדַת ה' יִתְבָּרַךְ גַּם בְּהֶצְנֵעַ לֶכֶת. וּבְשָׁכְבּוֹ עַל מִשְׁכָּבוֹ יֵדַע לִפְנֵי מִי הוּא שׁוֹכֵב, וּמִיָּד כְּשֶׁיֵּעוֹר מִשְּׁנָתוֹ יָקוּם </small> <small> בִּזְרִיזוּת לַעֲבוֹדַת בּוֹרְאוֹ יִתְעַלֶּה וְיִתְרוֹמֵם </small> <small><small>(טוּר)</small>. </small> "
1,2,"המשכים להתחנן לפני בוראו, יכוון לשעות שמשתנות המשמרות שהן בשליש הלילה ולסוף שני שלישי הלילה ולסוף הלילה, שהתפילה שיתפלל באותן השעות על החורבן ועל הגלות, רצויה.",,"הַמַּשְׁכִּים לְהִתְחַנֵּן לִפְנֵי בּוֹרְאוֹ, יְכַוֵּן לַשָּׁעוֹת שֶׁמִּשְׁתַּנּוֹת הַמִּשְׁמָרוֹת שֶׁהֵן בִּשְׁלִישׁ הַלַּיְלָה וּלְסוֹף שְׁנֵי שְׁלִישֵׁי הַלַּיְלָה וּלְסוֹף הַלַּיְלָה, שֶׁהַתְּפִלָּה שֶׁיִּתְפַּלֵּל בְּאוֹתָן הַשָּׁעוֹת עַל הַחֻרְבָּן וְעַל הַגָּלוּת, רְצוּיָה. "
1,3,ראוי לכל ירא שמים שיהא מיצר ודואג על חורבן בית המקדש.,,רָאוּי לְכָל יְרֵא שָׁמַיִם שֶׁיְּהֵא מֵיצֵר וְדוֹאֵג עַל חֻרְבַּן בֵּית הַמִּקְדָּשׁ. 
1,4,טוב מעט תחנונים בכוונה מהרבות בלא כוונה.,,טוֹב מְעַט תַּחֲנוּנִים בְּכַוָּנָה מֵהַרְבּוֹת בְּלֹא כַּוָּנָה. 
1,5,טוב לומר פרשת העקדה ופרשת המן ועשרת הדיברות ופרשת עולה ומנחה ושלמים וחטאת ואשם,ודווקא ביחיד מותר לומר י' הדיברות בכל יום אבל אסור לאומרם בציבור,"טוֹב לוֹמַר פָּרָשַׁת הָעֲקֵדָה וּפָרָשַׁת הַמָּן וַעֲשֶׂרֶת הַדִּבְּרוֹת וּפָרָשַׁת עוֹלָה וּמִנְחָה וּשְׁלָמִים וְחַטָּאת וְאָשָׁם: <small> הַגָּה: וְדַוְקָא בְּיָחִיד מֻתָּר לוֹמַר י' הַדִּבְּרוֹת בְּכָל יוֹם אֲבָל אָסוּר לְאָמְרָם </small> <small> בְּצִבּוּר </small> <small><small>(תשו' הָרַשְׁבָּ""א סִימָן קפ""ד)</small>. </small> "
1,6,פרשיות הקרבנות לא יאמר אלא ביום.,,"פָּרָשִׁיּוֹת הַקָּרְבָּנוֹת לֹא יֹאמַר אֶלָּא בַּיּוֹם. <small> וְע""ל סי' מ""ז סָעִיף י""ג. </small> "
1,7,"כשיסיים פרשת העולה יאמר: יהי רצון מלפניך שיהא זה חשוב ומקובל כאילו הקרבתי עולה, וכך יאמר אחרי פ' המנחה והשלמים מפני שהם באים בנדבה.",,"כְּשֶׁיְּסַיֵּם פָּרָשַׁת הָעוֹלָה יֹאמַר: יְהִי רָצוֹן מִלְּפָנֶיךָ שֶׁיְּהֵא זֶה חָשׁוּב וּמְקֻבָּל כְּאִלּוּ הִקְרַבְתִּי עוֹלָה, וְכָךְ יֹאמַר אַחַר פ' הַמִּנְחָה וְהַשְּׁלָמִים מִפְּנֵי שֶׁהֵם בָּאִים בִּנְדָבָה. "
1,8,יאמר עם הקרבנות פסוק ושחט אותו על ירך המזבח צפונה לפני אלוהים.,,יֹאמַר עִם הַקָּרְבָּנוֹת פָּסוּק וְשָׁחַט אֹתוֹ עַל יֶרֶךְ הַמִּזְבֵּחַ צָפֹנָה לִפְנֵי ה'. 
1,9,"יש נוהגין לומר פרשת הכיור, ואחר כך פרשת תרומת הדשן, ואחר כך פרשת התמיד, ואחר כך פרשת מזבח מקטר קטורת, ופרשת סמני הקטורת ועשייתו",,"יֵשׁ נוֹהֲגִין לוֹמַר פָּרָשַׁת הַכִּיּוֹר, וְאַחַר כָּךְ פָּרָשַׁת תְּרוּמַת הַדֶּשֶׁן, וְאַחַר כָּךְ פָּרָשַׁת הַתָּמִיד, וְאַחַר כָּךְ פָּרָשַׁת מִזְבֵּחַ מִקְטַר קְטֹרֶת, וּפָרָשַׁת סַמָּנֵי הַקְּטֹרֶת וַעֲשִׂיָּתוֹ: "
2,1,"לא ילבש חלוקו מיושב אלא יקח חלוקו ויכניס בו זרועותיו בעודנו שוכב, ונמצא כשיקום שהוא מכוסה.",,"לֹא יִלְבַּשׁ חֲלוּקוֹ מְיֻשָּׁב <small><small>(טוּר)</small></small> אֶלָּא יִקַּח חֲלוּקוֹ וְיַכְנִיס בּוֹ <small><small>(רֹאשׁוֹ וּ)</small></small> זְרוֹעוֹתָיו בְּעוֹדֶנּוּ שׁוֹכֵב, וְנִמְצָא כְּשֶׁיָּקוּם שֶׁהוּא מְכֻסֶה. "
2,2,"אל יאמר הנני בחדרי חדרים מי רואני, כי אלוהים מלא כל הארץ כבודו.",,"אַל יֹאמַר הִנְנִי בְּחַדְרֵי חֲדָרִים מִי רוֹאֵנִי, כִּי הָקָּבָּ""ה מְלֹא כָל הָאָרֶץ כְּבוֹדוֹ. "
2,3,ידקדק בחלוקו ללבשו כדרכו שלא יהפוך הפנימי לחוץ.,,יְדַקְדֵּק בַּחֲלוּקוֹ לְלָבְשׁוֹ כְּדַרְכּוֹ שֶׁלֹּא יַהֲפֹךְ הַפְּנִימִי לַחוּץ. 
2,4,"ינעול מנעל ימין תחילה, ולא יקשרנו, ואחר כך ינעול של שמאל ויקשרנו, ויחזור ויקשור של ימין",ובמנעלים שלנו שאין להם קשירה ינעול של ימין תחילה,"יִנְעֹל מִנְעַל יָמִין תְּחִלָּה, וְלֹא יִקְשְׁרֶנּוּ, וְאַחַר כָּךְ יִנְעֹל שֶׁל שְׂמֹאל וְיִקְשְׁרֶנּוּ, וְיַחֲזֹר וְיִקְשֹׁר שֶׁל יָמִין: <small> הַגָּה: וּבְמִנְעָלִים שֶׁלָּנוּ שֶׁאֵין לָהֶם קְשִׁירָה יִנְעֹל שֶׁל יָמִין תְּחִלָּה </small> <small><small>(תוס' פ' בַּמָּה אִשָּׁה דס""א)</small>. </small> "
2,5,כשחולץ מנעליו חולץ של שמאל תחילה.,,כְּשֶׁחוֹלֵץ מִנְעָלָיו חוֹלֵץ שֶׁל שְׂמֹאל תְּחִלָּה. 
2,6,אסור לילך בקומה זקופה ולא ילך ארבע אמות בגילוי הראש: ויבדוק נקביו,ויכסה כל גופו ולא ילך יחף,אָסוּר לֵילֵךְ בְּקוֹמָה זְקוּפָה וְלֹא יֵלֵךְ ד' אַמּוֹת בְּגִלּוּי הָרֹאשׁ: <small> הַגָּה: וִיכַסֶּה כָּל גּוּפוֹ וְלֹא יֵלֵךְ </small> <small> יָחֵף </small> <small><small>(אוֹר זָרוּעַ)</small></small> וְיִבְדֹּק נְקָבָיו: <small> וְיַרְגִּיל עַצְמוֹ לִפָּנוֹת בֹּקֶר וְעֶרֶב שֶׁהוּא זְרִיזוּת וּנְקִיּוּת </small> <small><small>(הַגָּהוֹת מַיְמוֹנִי פ' ה' מה' דֵּעוֹת)</small>: </small> 
3,1,כשיכנס לבית הכסא יאמרו התכבדו מכובדים וכו'. ועכשו לא נהגו לאומרו.,,כְּשֶׁיִּכָּנֵס לְבֵית הַכִּסֵא יֹאמְרוּ הִתְכַּבְּדוּ מְכֻבָּדִים וְכו'. וְעַכְשָׁו לֹא נָהֲגוּ לְאָמְרוֹ. 
3,2,יהא צנוע בבית הכסא ולא יגלה עצמו עד שישב,"ולא ילכו שני אנשים ביחד, גם לא ידבר שם, ויסגור הדלת בעדו משום צניעות.","יְהֵא צָנוּעַ בְּבֵית הַכִּסֵא וְלֹא יְגַלֶּה עַצְמוֹ עַד שֶׁיֵּשֵׁב: <small> הַגָּה: וְלֹא יֵלְכוּ </small> <small> שְׁנֵי אֲנָשִׁים בְּיַחַד, גַּם </small> <small> לֹא יְדַבֵּר שָׁם, וְיִסְגֹּר הַדֶּלֶת בַּעֲדוֹ מִשּׁוּם צְנִיעוּת. </small> <small><small>(אוֹר זָרוּעַ)</small>. </small> "
3,3,"אם רוצה למשמש בפי הטבעת בצרור או בקיסם לפתוח נקביו, ימשמש קודם שישב ולא ימשמש אחרי שישב, מפני שקשה לכשפים.",,"אִם רוֹצֶה לְמַשְׁמֵשׁ בְּפִי הַטַּבַּעַת בִּצְרוֹר אוֹ בְּקֵיסָם לִפְתֹּחַ נְקָבָיו, יְמַשְׁמֵשׁ קֹדֶם שֶׁיֵּשֵׁב וְלֹא יְמַשְׁמֵשׁ אַחַר שֶׁיֵּשֵׁב, מִפְּנֵי שֶׁקָּשֶׁה לִכְשָׁפִים. "
3,4,"לא יגלה עצמו כי אם מלאחריו טפח, ומילפניו טפחיים, ואישה, מאחריה טפח, ומילפניה ולא כלום.",,"לֹא יְגַלֶּה עַצְמוֹ כִּי אִם מִלְּאַחֲרָיו טֶפַח, וּמִלְּפָנָיו טְפָחַיִם, וְאִשָּׁה, מֵאַחֲרֶיהָ טֶפַח, וּמִלְּפָנֶיהָ וְלֹא כְלוּם. "
3,5,"אם נפנה במקום מגולה שאין בו מחיצות יכוון שיהיו פניו לדרום ואחוריו לצפון או איפכא, אבל בין מזרח למערב אסור",,"אִם נִפְנֶה בְּמָקוֹם מְגֻלֶּה שֶׁאֵין בּוֹ מְחִצּוֹת יְכַוֵּן שֶׁיִּהְיוּ פָּנָיו לְדָרוֹם וַאֲחוֹרָיו לְצָפוֹן אוֹ אִיפְּכָא, אֲבָל בֵּין מִזְרָח לְמַעֲרָב אָסוּר: <small> וּלְהָטִיל מַיִם בְּכָל עִנְיָן שָׁרֵי </small> <small><small>(בֵּית יוֹסֵף בְּשֵׁם הַרַמְבַּ""ם)</small>. </small> "
3,6,"וכן אסור לישן בין מזרח למערב אם אשתו עמו, ונכון להיזהר אפילו כשאין אשתו עמו.",,"וְכֵן אָסוּר לִישַׁן בֵּין מִזְרָח לְמַעֲרָב אִם אִשְׁתּוֹ עִמּוֹ, וְנָכוֹן לְהִזָּהֵר אֲפִלּוּ כְּשֶׁאֵין אִשְׁתּוֹ עִמּוֹ. "
3,7,"המטיל מים מן הצופים ולפנים ישב ופניו כלפי הקודש, או יסלק הקודש לצדדין.",,"הַמֵּטִיל מַיִם מִן הַצּוֹפִים וּלְפָנִים <small><small>(פי' מָקוֹם שֶׁיְּכוֹלִים מִשָּׁם לִרְאוֹת הַר הַבַּיִת וּמִשָּׁם וְהָלְאָה אֵין יְכוֹלִים לִרְאוֹת רַשִׁ""י)</small> <small>(</small> <small> לֹא)</small></small> יֵשֵׁב וּפָנָיו כְּלַפֵּי הַקֹּדֶשׁ, <small><small>(אֶלָּא לְצָפוֹן אוֹ לְדָרוֹם)</small></small> אוֹ יְסַלֵּק הַקֹּדֶשׁ לַצְּדָדִין. "
3,8,"כשנפנה בשדה אם הוא אחורי הגדר, יפנה מיד, ובבקעה יתרחק, עד מקום שלא יוכל חברו לראות פרועו.",,"כְּשֶׁנִּפְנֶה בַּשָּׂדֶה אִם הוּא אֲחוֹרֵי הַגָּדֵר, יִפְנֶה מִיָּד, וּבְבִקְעָה יִתְרַחֵק, עַד מָקוֹם שֶׁלֹּא יוּכַל חֲבֵרוֹ לִרְאוֹת פֵּרוּעוֹ. "
3,9,"לא ישב במהרה ובחוזק, ולא יאנוס לדחוק עצמו יותר מדאי, שלא ינתק שני הכרכשתא.",,"לֹא יֵשֵׁב בִּמְהֵרָה וּבְחֹזֶק, וְלֹא יֶאֱנֹס לִדְחֹק עַצְמוֹ יוֹתֵר מִדַּאי, שֶׁלֹּא יְנַתֵּק שִׁנֵּי הַכַּרְכַּשְׁתָּא. "
3,10,לא יקנח ביד ימין.,,לֹא יְקַנַּח בְּיָד יָמִין. 
3,11,"לא יקנח בחרס משום כשפים, ולא בעשבים יבשים, שהמקנח בדבר שהאור שולט בו, שניו התחתונות נושרות. ולא בצרור שקינח בו חברו, מפני שמביא את האדם לידי תחתוניות","ועכשו שבתי כסאות שלנו אינן בשדה נהגו לקנח בדבר שהאור שולט בו, ואינו מזיק, ופוק חזי מאי עמא דבר.","לֹא יְקַנַּח בְּחֶרֶס מִשּׁוּם כְּשָׁפִים, וְלֹא בַּעֲשָׂבִים יְבֵשִׁים, שֶׁהַמְקַנֵּחַ בְּדָבָר שֶׁהָאוּר שׁוֹלֵט בּוֹ, שִׁנָּיו הַתַּחְתּוֹנוֹת נוֹשְׁרוֹת. וְלֹא בִּצְרוֹר שֶׁקִּנַּח בּוֹ חֲבֵרוֹ, מִפְּנֵי שֶׁמֵּבִיא אֶת הָאָדָם לִידֵי תַּחְתּוֹנִיּוּת: <small> הַגָּה: וְעַכְשָׁו שֶׁבָּתֵּי כִּסְאוֹת שֶׁלָּנוּ אֵינָן בַּשָּׂדֶה נָהֲגוּ לְקַנֵּחַ </small> <small><small>(בְּחֶרֶס וְכֵן נָהֲגוּ לְקַנֵּחַ)</small></small> <small> בְּדָבָר שֶׁהָאוּר שׁוֹלֵט בּוֹ, וְאֵינוֹ מַזִּיק, וּפוּק חָזֵי מַאי עַמָּא דַּבָּר. </small> <small><small>(חִדּוּשֵׁי אֲגֻדָּה פֶּרֶק הַמּוֹצִיא)</small>. </small> "
3,12,יפנה בצניעות בלילה כמו ביום.,,יִפְנֶה בִּצְנִיעוּת בַּלַּיְלָה כְּמוֹ בַּיּוֹם. 
3,13,"לא ישתין מעומד מפני ניצוצות הניתזין על רגליו, אם לא שיעמוד במקום גבוה, או שישתין לתוך עפר תחוח",,"לֹא יַשְׁתִּין מְעֻמָּד מִפְּנֵי נִיצוֹצוֹת הַנִּתָּזִין עַל רַגְלָיו, אִם לֹא שֶׁיַּעֲמֹד בְּמָקוֹם גָּבוֹהַּ, אוֹ שֶׁיַּשְׁתִּין לְתוֹךְ עָפָר תָּחוּחַ <small><small>(פֵּרוּשׁ קַרְקַע שֶׁאֵינָהּ בְּתוּלָה אֶלָּא כְּגוֹן שֶׁל אֶרֶץ חֲרוּשָׁה)</small>. </small> "
3,14,"יזהר שלא יאחוז באמה וישתין, אם לא מעטרה ולמטה, מפני שמוציא שכבת זרע לבטלה, אלא אם כן הוא נשוי. ומידת חסידות לזהר אפילו הנשוי.",,"יִזָּהֵר שֶׁלֹּא יֶאֱחֹז בָּאַמָּה וְיַשְׁתִּין, אִם לֹא מֵעֲטָרָה וּלְמַטָּה, מִפְּנֵי שֶׁמּוֹצִיא שִׁכְבַת זֶרַע לְבַטָּלָה, אֶלָּא אִם כֵּן הוּא נָשׂוּי. וּמִדַּת חֲסִידוּת לִזָּהֵר אֲפִלּוּ הַנָּשׂוּי. "
3,15,אפילו מי שאינו נשוי מותר לסייע בביצים.,,אֲפִלּוּ מִי שֶׁאֵינוֹ נָשׂוּי מֻתָּר לְסַיֵּעַ בַּבֵּיצִים. 
3,16,"לא הותר לנשוי לאחוז באמה אלא להשתין, אבל להתחכך לא.",,"לֹא הֻתַּר לְנָשׂוּי לֶאֱחֹז בָּאַמָּה אֶלָּא לְהַשְׁתִּין, אֲבָל לְהִתְחַכֵּךְ לֹא. "
3,17,המשהה נקביו עובר משום בל תשקצו,,הַמַּשְׁהֶה נְקָבָיו עוֹבֵר מִשּׁוּם בַּל תְּשַׁקְּצוּ: 
4,1,"ירחץ ידיו ויברך על נטילת ידיים: מים הפסולים לנטילת ידיים לסעודה כשרים לנטילת ידיים לתפילה, מיהו יש מי שאומר דלא מברך עלייהו.",ויש אומרים גם אשר יצר ואפילו לא עשה צרכיו וכן נהגו,"יִרְחַץ יָדָיו וִיבָרֵךְ עַל נְטִילַת יָדָיִם: <small> הַגָּה: וְיֵשׁ אוֹמְרִים גַּם אֲשֶׁר יָצַר וַאֲפִלּוּ לֹא עָשָׂה </small> <small> צְרָכָיו וְכֵן נָהֲגוּ </small> <small><small>(אַבּוּדַרְהַם)</small></small> מַיִם הַפְּסוּלִים לִנְטִילַת יָדַיִם לִסְעֻדָּה <small> לְקַמָּן סִימָן ק""ס, </small> כְּשֵׁרִים לִנְטִילַת יָדַיִם לִתְפִלָּה, מִיהוּ יֵשׁ מִי שֶׁאוֹמֵר דְּלֹא מְבָרֵךְ עֲלַיְיהוּ. "
4,2,ידקדק לערות עליהם מים שלוש פעמים להעביר רוח רעה ששורה עליהן.,,יְדַקְדֵּק לְעָרוֹת עֲלֵיהֶם מַיִם ג' פְּעָמִים לְהַעֲבִיר רוּחַ רָעָה שֶׁשּׁוֹרָה עֲלֵיהֶן. 
4,3,"לא יגע בידו קודם נטילה לפה, ולא לחוטם, ולא לאוזניים, ולא לעיניים.",,"לֹא יִגַּע בְּיָדוֹ קֹדֶם נְטִילָה לַפֶּה, וְלֹא לַחֹטֶם, וְלֹא לָאָזְנַיִם, וְלֹא לָעֵינַיִם. "
4,4,"אפילו מי שנטל ידיו, לא ימשמש בפי הטבעת תמיד, מפני שמביאתו לידי תחתוניות. ולא יגע במקום הקזה, שמשמוש היד מזיק לחבורה.",,"אֲפִלּוּ מִי שֶׁנָּטַל יָדָיו, לֹא יְמַשְׁמֵשׁ בְּפִי הַטַּבַּעַת תָּמִיד, מִפְּנֵי שֶׁמְּבִיאָתוֹ לִידֵי תַּחְתּוֹנִיּוּת. וְלֹא יִגַּע בִּמְקוֹם הַקָּזָה, שֶׁמִּשְׁמוּשׁ הַיָּד מַזִּיק לַחַבּוּרָה. "
4,5,"לא יגע בגיגית שכר, שמשמוש היד מפסיד השכר.",,"לֹא יִגַּע בְּגִיגִית שֵׁכָר, שֶׁמִּשְׁמוּשׁ הַיָּד מַפְסִיד הַשֵּׁכָר. "
4,6,אין צריך רביעית לנטילת ידיים לתפילה.,,אֵין צָרִיךְ רְבִיעִית לִנְטִילַת יָדַיִם לִתְפִלָּה. 
4,7,טוב להקפיד בנטילת ידיים שחרית בכל הדברים המעכבים בנטילת ידיים לסעודה,מיהו אינו מעכב לא כלי ולא כוח גברא ושאר דברים הפוסלים בנטילת הסעודה,"טוֹב לְהַקְפִּיד בִּנְטִילַת יָדַיִם שַׁחֲרִית בְּכָל הַדְּבָרִים הַמְעַכְּבִים בִּנְטִילַת יָדַיִם לִסְעֻדָּה <small> הַגָּה: מִיהוּ אֵינוֹ מְעַכֵּב לֹא כְּלִי וְלֹא </small> <small> כֹּחַ גַּבְרָא וּשְׁאָר דְּבָרִים הַפּוֹסְלִים בִּנְטִילַת הַסְּעֻדָּה </small> <small><small>(מָרְדְּכַי רֵישׁ פ' אֵלּוּ דְּבָרִים תְּשׁוּבַת רַשְׁבָּ""א סִימָן קצ""א)</small>. </small> "
4,8,"נטילת ידיים שחרית אין נוטלין על גבי קרקע, אלא לתוך כלי.",,"נְטִילַת יָדַיִם שַׁחֲרִית אֵין נוֹטְלִין עַל גַּבֵּי קַרְקַע, אֶלָּא לְתוֹךְ כְּלִי. "
4,9,"מים של נטילת ידיים שחרית, אסור ליהנות מהם, ולא ישפכם בבית, ולא במקום שעוברים שם בני אדם.",,"מַיִם שֶׁל נְטִילַת יָדָיִם שַׁחֲרִית, אָסוּר לֵיהָנוֹת מֵהֶם, וְלֹא יִשְׁפְּכֵם בַּבַּיִת, וְלֹא בְּמָקוֹם שֶׁעוֹבְרִים שָׁם בְּנֵי אָדָם. "
4,10,"נוטל כלי של מים ביד ימינו, ונותנו ליד שמאלו כדי שיריק מים על ימינו תחילה.",,"נוֹטֵל כְּלִי שֶׁל מַיִם בְּיַד יְמִינוֹ, וְנוֹתְנוֹ לְיַד שְׂמֹאלוֹ כְּדֵי שֶׁיָּרִיק מַיִם עַל יְמִינוֹ תְּחִלָּה. "
4,11,לא יטול ממי שלא נטל ידיו שחרית.,,לֹא יִטֹּל מִמִּי שֶׁלֹּא נָטַל יָדָיו שַׁחֲרִית. 
4,12,"אם שכשך ידיו לתוך כלי של מים, עולתה לו נטילה לקריאת שמע ולתפילה, אבל לא לרוח רעה שעליהם. אם שכשך ידיו בשלוש מימות מחולפים, יש להסתפק אם עולתה לו להעביר רוח רעה שעליהם.",,"אִם שִׁכְשֵׁךְ יָדָיו לְתוֹךְ כְּלִי שֶׁל מַיִם, עָלְתָה לוֹ נְטִילָה לִקְרִיאַת שְׁמַע וְלִתְפִלָּה, אֲבָל לֹא לְרוּחַ רָעָה שֶׁעֲלֵיהֶם. אִם שִׁכְשֵׁךְ יָדָיו בְּשָׁלֹשׁ מֵימוֹת מְחֻלָּפִים, יֵשׁ לְהִסְתַּפֵּק אִם עָלְתָה לוֹ לְהַעֲבִיר רוּחַ רָעָה שֶׁעֲלֵיהֶם. "
4,13,"אם היה נעור כל הלילה, יש להסתפק אם צריך לטול ידיו שחרית להתפלל ולהעביר רוח רעה מידיו",ויטלם בלא ברכה,"אִם הָיָה נֵעוֹר כָּל הַלַּיְלָה, יֵשׁ לְהִסְתַּפֵּק אִם צָרִיךְ לִטֹּל יָדָיו שַׁחֲרִית לְהִתְפַּלֵּל וּלְהַעֲבִיר רוּחַ רָעָה מִיָּדָיו: <small> הַגָּה: וְיִטְּלֵם </small> <small> בְּלֹא בְּרָכָה </small> <small><small>(הָרֹא""שׁ כְּלָל ד' וְרַשְׁבָּ""א סי' קצ""א)</small>. </small> "
4,14,"השכים קודם עמוד השחר ונטל ידיו, יש להסתפק אם צריך לטול ידיו פעם אחרת כשיאור היום, להעביר רוח רעה השורה על הידיים",ויטלם בלא ברכה.,"הִשְׁכִּים קֹדֶם עַמּוּד הַשַּׁחַר וְנָטַל יָדָיו, יֵשׁ לְהִסְתַּפֵּק אִם צָרִיךְ לִטֹּל יָדָיו פַּעַם אַחֶרֶת כְּשֶׁיֵּאוֹר הַיּוֹם, לְהַעֲבִיר רוּחַ רָעָה הַשּׁוֹרָה עַל הַיָּדַיִם: <small> הַגָּה: וְיִטְּלֵם </small> <small> בְּלֹא בְּרָכָה. </small> "
4,15,"ישן ביום, יש להסתפק אם צריך לערות מים עליהן שלוש פעמים",," יָשַׁן בַּיּוֹם, יֵשׁ לְהִסְתַּפֵּק אִם צָרִיךְ לְעָרוֹת מַיִם עֲלֵיהֶן ג' פְּעָמִים <small> וְיִטְּלֵם בְּלֹא בְּרָכָה. </small> "
4,16,דווד היה נזהר שלא לישן שתין נשמין כדי שלא יטעום טעם מיתה,ובגמרא פ' הישן משמע דדווקא ביום היה נזהר,"דָּוִד הָיָה נִזְהָר שֶׁלֹּא לִישַׁן שִׁתִּין נִשְׁמִין <small><small>(פֵּרוּשׁ שִׁשִּׁים נְשִׁימוֹת)</small>, </small> כְּדֵי שֶׁלֹּא יִטְעֹם טַעַם מִיתָה: <small> הַגָּה: וּבַגְּמָרָא פ' הַיָּשֵׁן מַשְׁמָע דְּדַוְקָא בַּיּוֹם הָיָה נִזְהָר </small> <small><small>(דִּבְרֵי עַצְמוֹ וְעַיֵּן בְּבֵית יוֹסֵף)</small>. </small> "
4,17,יש נוהגין לרחוץ פיהם שחרית מפני הרירין שבתוך הפה.,,יֵשׁ נוֹהֲגִין לִרְחֹץ פִּיהֶם שַׁחֲרִית מִפְּנֵי הָרִירִין שֶׁבְּתוֹךְ הַפֶּה. 
4,18,"אלו דברים צריך נטילה במיים. הקם מהמיטה והיוצא מבית הכסא. ומיבית המרחץ. והנוטל צפרניו. והחולץ מנעליו. והנוגע ברגליו. והחופף ראשו, ויש אומרים אף ההולך בין המתים. ומי שנגע במת. ומי שמפלא כליו. והמשמש מטתו. והנוגע בכינה. והנוגע בגופו בידו. ומי שעשה אחת מכל אלו ולא נטל, אם תלמיד חכם הוא תלמודו משתכח. ואם אינו תלמיד חכם יוצא מדעתו.",,"אֵלּוּ דְּבָרִים צָרִיךְ נְטִילָה בְּמַיִם. הַקָּם מֵהַמִּטָּה וְהַיּוֹצֵא מִבֵּית הַכִּסֵא. וּמִבֵּית הַמֶּרְחָץ. וְהַנּוֹטֵל צִפָּרְנָיו. וְהַחוֹלֵץ מִנְעָלָיו. וְהַנּוֹגֵעַ בְּרַגְלָיו. וְהַחוֹפֵף רֹאשׁוֹ, וְיֵשׁ אוֹמְרִים אַף הַהוֹלֵךְ בֵּין הַמֵּתִים. וּמִי שֶׁנָּגַע בְּמֵת. וּמִי שֶׁמְּפַלֵּא כֵּלָיו. וְהַמְשַׁמֵּשׁ מִטָּתוֹ. וְהַנּוֹגֵעַ בְּכִנָּה. וְהַנּוֹגֵעַ בְּגוּפוֹ בְּיָדוֹ. וּמִי שֶׁעָשָׂה אַחַת מִכָּל אֵלּוּ וְלֹא נָטַל, אִם תַּלְמִיד חָכָם הוּא תַּלְמוּדוֹ מִשְׁתַּכֵּחַ. וְאִם אֵינוֹ תַּלְמִיד חָכָם יוֹצֵא מִדַּעְתּוֹ. "
4,19,"המקיז דם מהכתפיים ולא נטל ידיו מפחד שבעה ימים. המגלח ולא נטל ידיו מפחד שלוש ימים. הנוטל צפרניו ולא נטל ידיו מפחד יום אחד, ואינו יודע ממה מפחד.",,"הַמַּקִּיז דָּם מֵהַכְּתֵפַיִם וְלֹא נָטַל יָדָיו מְפַחֵד שִׁבְעָה יָמִים. הַמְגַלֵּחַ וְלֹא נָטַל יָדָיו מְפַחֵד ג' יָמִים. הַנּוֹטֵל צִפָּרְנָיו וְלֹא נָטַל יָדָיו מְפַחֵד יוֹם אֶחָד, וְאֵינוֹ יוֹדֵעַ מִמָּה מְפַחֵד. "
4,20,"הרוחץ פניו ולא נגבם יפה, פניו מתבקעות או עולה בהן שחין, ורפואתו לרחוץ הרבה במי סלקא.",,"הָרוֹחֵץ פָּנָיו וְלֹא נִגְּבָם יָפֶה, פָּנָיו מִתְבַּקְּעוֹת אוֹ עוֹלֶה בָּהֶן שְׁחִין, וּרְפוּאָתוֹ לִרְחֹץ הַרְבֵּה בְּמֵי סִלְקָא. "
4,21,"צריך לזהר בתפילה או באכילה שלא לגע בשוק וירך ובמקומות המכוסים באדם, לפי שיש שם מלמולי זעה. וכן שלא לחכך בראשו אבל מקומות המגולים בראשו ובפניו ומקום המגולה שבזרועותיו אין להקפיד.",,"צָרִיךְ לִזָּהֵר בִּתְפִלָּה אוֹ בַּאֲכִילָה <small> וְע""ל סִי' </small> <small> קס""ד </small> <small><small>(וְע""ל סִי' צ""ב ס""ז)</small></small> שֶׁלֹּא לִגַּע בְּשׁוֹק וְיָרֵךְ וּבִמְקוֹמוֹת הַמְכֻסִים בָּאָדָם, לְפִי שֶׁיֵּשׁ שָׁם מִלְמוּלֵי זֵעָה. <small><small>(מִלְמוּלֵי זֵעָה פי' זוֹהֲמָא כְּעֵין שְׂעוֹרִים קְטַנִּים)</small></small> וְכֵן שֶׁלֹּא לְחַכֵּךְ בְּרֹאשׁוֹ אֲבָל מְקוֹמוֹת הַמְגֻלִּים בְּרֹאשׁוֹ וּבְפָנָיו וּמָקוֹם הַמְגֻלֶּה שֶׁבִּזְרוֹעוֹתָיו אֵין לְהַקְפִּיד. "
4,22,"אם אין לו מים יקנח ידיו בצרור או בעפר, או בכל מדי דמנקי, ויברך על נקיות ידיים, ויועיל לתפילה אבל לא להעביר רוח רעה שעליהן.",,"אִם אֵין לוֹ מַיִם יְקַנַּח יָדָיו בִּצְרוֹר אוֹ בְּעָפָר, אוֹ בְּכָל מִדֵּי דִּמְנַקֵּי, וִיבָרֵךְ עַל נְקִיּוּת יָדַיִם, וְיוֹעִיל לִתְפִלָּה אֲבָל לֹא לְהַעֲבִיר רוּחַ רָעָה שֶׁעֲלֵיהֶן. "
4,23,"לא תקנו נטילת ידיים אלא לקריאת שמע ולתפילה, אבל ברכות דשחרית יכול לברך קודם נטילה, אלא אם כן הוא ישן על מטתו ערום, שאז אסור להזכיר את השם עד שינקה אותם",,"לֹא תִּקְּנוּ נְטִילַת יָדַיִם אֶלָּא לִקְרִיאַת שְׁמַע וְלִתְפִלָּה, אֲבָל בְּרָכוֹת דְּשַׁחֲרִית יָכוֹל לְבָרֵךְ קֹדֶם נְטִילָה, אֶלָּא אִם כֵּן הוּא יָשֵׁן עַל מִטָּתוֹ עָרֹם, שֶׁאָז אָסוּר לְהַזְכִּיר אֶת הַשֵּׁם עַד שֶׁיְּנַקֶּה אוֹתָם: "
5,1,"יכוון בברכות פרוש המילות, כשיזכיר השם יכוון פרוש קריאתו באדנות, שהוא אדון הכול ויכוון בכתיבתו ביו""ד ה "" א שהיה והווה ויהיה. ובהזכירו אלוהים יכוון שהוא תקיף בעל היכולת, ובעל הכוחות כולם",,"יְכַוֵּן בַּבְּרָכוֹת פֵּרוּשׁ הַמִּלּוֹת, כְּשֶׁיַּזְכִּיר הַשֵּׁם יְכַוֵּן פֵּרוּשׁ קְרִיאָתוֹ בְּאַדְנוּת, שֶׁהוּא אֲדוֹן הַכֹּל וִיכַוֵּן בִּכְתִיבָתוֹ בְּיוֹ""ד הֵ "" א שֶׁהָיָה וְהֹוֶה וְיִהְיֶה. וּבְהַזְכִּירוֹ אֱלֹהִים יְכַוֵּן שֶׁהוּא תַּקִּיף בַּעַל הַיְכֹלֶת, וּבַעַל הַכֹּחוֹת כֻּלָּם: "
6,1,"כשיצא מבית הכסא, יברך אשר יצר את האדם בחוכמה, שבריאת האדם היא בחוכמה נפלאה. ויש מפורשים על שם שהגוף דומה לנוד מלא רוח והוא מלא נקבים ויש מפורשים בחוכמה שהתקין מזונותיו של אדם הראשון ואחר כך בראו, וברא בו נקבים נקבים חלולים חלולים, פרוש נקבים רבים, כגון: פה וחוטם ופי טבעת. וגם ברא בו אברים רבים חלולים, כמו: לב וכרס ומעיים. שאם יסתם אחד מהם כלומר שבנקבים יש נקב אחד שהוא הפה, שכשהוא במעי אמו הוא סתום, וכשיוצא לאוויר העולם הוא נפתח, ואם כשיוצא לאוויר העולם היה נשאר סתום, לא היה אפשר להתקיים אפילו שעה אחת. והאברים החלולים אם היה נפתח אחד מהם, לא היה אפשר להתקיים אפילו שעה אחת. ועוד יש לפרש שגבול יש לאדם שיכולין נקביו לסתם ולא ימות, וכיוון שעבר אותו הגבול אי אפשר להתקיים אפילו שעה אחת, וכיוון שבכלל הנקבים הם פי הטבעת ופי האמה, ובכלל האברים החלולים שאם יפתח אחד מהם אי אפשר להתקיים הם כרס ומעיים שפיר הווי שבח זה מענין עשיית צרכיו. ואפשר עוד שמאחר שאם יוצא לנקביו ביותר עד שאם עבר הגבול ימות, בכלל שאם יפתח אחד מהם הוא. והווי שאם יפתח אחד מהם נמי מענין עשיית צרכיו ממש. רופא חולי כל בשר על שם הנקבים שברא בו להוציא פסולת מאכלו, כי אם יתעפש בבטן ימות, והוצאתו היא רפואה. ומפליא לעשות מפני שהאדם דומה לנוד מלא רוח, ואם יעשה אדם בנוד נקב כחודה של מחט הרוח יוצא, והאדם מלא נקבים ורוחו משתמרת בתוכו, הרי זה פלא. ועוד יש לפרש על שם שבורר טוב המאכל ודוחה הפסולת",ועוד יש לפרש שמפליא לעשות במה ששומר רוח האדם בקרבו וקושר דבר רוחני בדבר גשמי והכל הוא על ידי שהוא רופא כל בשר כי אז האדם בקו הבריאות ונשמתו משתמרת בקרבו,"כְּשֶׁיֵּצֵא מִבֵּית הַכִּסֵא, יְבָרֵךְ אֲשֶׁר יָצַר אֶת הָאָדָם בְּחָכְמָה, שֶׁבְּרִיאַת הָאָדָם הִיא בְּחָכְמָה נִפְלָאָה. וְיֵשׁ מְפָרְשִׁים עַל שֵׁם שֶׁהַגּוּף דּוֹמֶה לְנוֹד מָלֵא רוּחַ וְהוּא מָלֵא נְקָבִים כְּדִלְקַמָּן בְּסָמוּךְ, וְיֵשׁ מְפָרְשִׁים בְּחָכְמָה שֶׁהִתְקִין מְזוֹנוֹתָיו שֶׁל אָדָם הָרִאשׁוֹן וְאַחַר כָּךְ בְּרָאוֹ, וּבָרָא בוֹ נְקָבִים נְקָבִים חֲלוּלִים חֲלוּלִים, פֵּרוּשׁ נְקָבִים רַבִּים, כְּגוֹן: פֶּה וְחֹטֶם וּפִי טַבַּעַת. וְגַם בָּרָא בּוֹ אֵבָרִים רַבִּים חֲלוּלִים, כְּמוֹ: לֵב וְכֶרֶס וּמֵעַיִם. שֶׁאִם יִסָתֵם אֶחָד מָהֵם כְּלוֹמַר שֶׁבַּנְּקָבִים יֵשׁ נֶקֶב אֶחָד שֶׁהוּא הַפֶּה, שֶׁכְּשֶׁהוּא בִּמְעֵי אִמּוֹ הוּא סָתוּם, וּכְשֶׁיּוֹצֵא לַאֲוִיר הָעוֹלָם הוּא נִפְתָּח, וְאִם כְּשֶׁיּוֹצֵא לַאֲוִיר הָעוֹלָם הָיָה נִשְׁאָר סָתוּם, לֹא הָיָה אֶפְשָׁר לְהִתְקַיֵּם אֲפִלּוּ שָׁעָה אַחַת. וְהָאֵבָרִים הַחֲלוּלִים אִם הָיָה נִפְתָּח אֶחָד מֵהֶם, לֹא הָיָה אֶפְשָׁר לְהִתְקַיֵּם אֲפִלּוּ שָׁעָה אַחַת. וְעוֹד יֵשׁ לְפָרֵשׁ שֶׁגְּבוּל יֵשׁ לָאָדָם שֶׁיְּכוֹלִין נְקָבָיו לִסָתֵם וְלֹא יָמוּת, וְכֵיוָן שֶׁעָבַר אוֹתוֹ הַגְּבוּל אִי אֶפְשָׁר לְהִתְקַיֵּם אֲפִלּוּ שָׁעָה אַחַת, וְכֵיוָן שֶׁבִּכְלַל הַנְּקָבִים הֵם פִּי הַטַּבַּעַת וּפִי הָאַמָּה, וּבִכְלַל הָאֵבָרִים הַחֲלוּלִים שֶׁאִם יִפָּתַח אֶחָד מֵהֶם אִי אֶפְשָׁר לְהִתְקַיֵּם הֵם כֶּרֶס וּמֵעַיִם שַׁפִּיר הָוֵי שֶׁבַח זֶה מֵעִנְיַן עֲשִׂיַּת צְרָכָיו. וְאֶפְשָׁר עוֹד שֶׁמֵּאַחַר שֶׁאִם יוֹצֵא לִנְקָבָיו בְּיוֹתֵר עַד שֶׁאִם עָבַר הַגְּבוּל יָמוּת, בִּכְלַל שֶׁאִם יִפָּתַח אֶחָד מֵהֶם הוּא. וְהָוֵי שֶׁאִם יִפָּתַח אֶחָד מֵהֶם נָמֵי מֵעִנְיַן עֲשִׂיַּת צְרָכָיו מַמָּשׁ. רוֹפֵא חֹלִי כָּל בָּשָׂר עַל שֵׁם הַנְּקָבִים שֶׁבָּרָא בּוֹ לְהוֹצִיא פְּסֹלֶת מַאֲכָלוֹ, כִּי אִם יִתְעַפֵּשׁ בַּבֶּטֶן יָמוּת, וְהוֹצָאָתוֹ הִיא רְפוּאָה. וּמַפְלִיא לַעֲשׂוֹת מִפְּנֵי שֶׁהָאָדָם דּוֹמֶה לְנוֹד מָלֵא רוּחַ, וְאִם יַעֲשֶׂה אָדָם בַּנּוֹד נֶקֶב כְּחוּדָהּ שֶׁל מַחַט הָרוּחַ יוֹצֵא, וְהָאָדָם מָלֵא נְקָבִים וְרוּחוֹ מִשְׁתַּמֶּרֶת בְּתוֹכוֹ, הֲרֵי זֶה פֶּלֶא. וְעוֹד יֵשׁ לְפָרֵשׁ עַל שֵׁם שֶׁבּוֹרֵר טוּב הַמַּאֲכָל וְדוֹחֶה הַפְּסֹלֶת: <small> הַגָּה: וְעוֹד יֵשׁ לְפָרֵשׁ שֶׁמַּפְלִיא לַעֲשׂוֹת בַּמֶּה שֶּׁשּׁוֹמֵר רוּחַ הָאָדָם בְּקִרְבּוֹ וְקוֹשֵׁר דָּבָר רוּחָנִי בְּדָבָר גַּשְׁמִי וְהַכָּל הוּא עַל יְדֵי שֶׁהוּא רוֹפֵא כָּל בָּשָׂר כִּי אָז הָאָדָם בְּקַו הַבְּרִיאוּת וְנִשְׁמָתוֹ מִשְׁתַּמֶּרֶת בְּקִרְבּוֹ </small> <small><small>(דִּבְרֵי עַצְמוֹ)</small>. </small> "
6,2,"יש נוהגין להמתין לברך על נטילת ידיים עד בואם לבית הכנסת ומסדרים אותם עם שאר הברכות, ובני ספרד לא נהגו כן",,"יֵשׁ נוֹהֲגִין לְהַמְתִּין לְבָרֵךְ עַל נְטִילַת יָדַיִם עַד בּוֹאָם לְבֵית הַכְּנֶסֶת וּמְסַדְּרִים אוֹתָם עִם שְׁאָר הַבְּרָכוֹת, וּבְנֵי סְפָרַד לֹא נָהֲגוּ כֵּן: <small> וְעַל כָּל פָּנִים לֹא יְבָרֵךְ ב' פְּעָמִים, וּמִי שֶׁמְּבָרְכָהּ בְּבֵיתוֹ לֹא יְבָרֵךְ בְּבֵית הַכְּנֶסֶת, וְכֵן מִי שֶׁמְּבָרְכָהּ בְּבֵית הַכְּנֶסֶת לֹא יְבָרֵךְ בְּבֵיתוֹ </small> <small><small>(כָּל בּוֹ סי' ב')</small></small> <small> וּמִי שֶׁלּוֹמֵד קֹדֶם שֶׁיִּכָּנֵס לְבֵית הַכְּנֶסֶת, אוֹ מִתְפַּלֵּל קֹדֶם יְבָרְכָהּ בְּבֵיתוֹ וְלֹא יְבָרֵךְ בְּבֵית הַכְּנֶסֶת וַאֲפִלּוּ </small> <small> בִּכְהַאי גַּוְנָא, יֵשׁ נוֹהֲגִין לְסַדְּרָהּ עִם שְׁאָר בְּרָכוֹת בב""ה וְאֵין מְבָרְכִין בְּבֵיתָם </small> <small><small>(מַהֲרִי""ל הִלְכוֹת תְּפִלָּה)</small>. </small> "
6,3,"ברכת אלהי נשמה אינה פותחת בברוך מפני שהיא ברכת ההודאה וברכת ההודאות אין פותחות בברוך, כמו שמצינו בברכת הגשמים.",,"בִּרְכַּת אֱלֹהַי נְשָׁמָה אֵינָהּ פּוֹתַחַת בְּבָרוּךְ מִפְּנֵי שֶׁהִיא בִּרְכַּת הַהוֹדָאָה וּבִרְכַּת הַהוֹדָאוֹת אֵין פּוֹתְחוֹת בְּבָרוּךְ, כְּמוֹ שֶׁמָּצִינוּ בְּבִרְכַּת הַגְּשָׁמִים. "
6,4,"יש נוהגין שאחר שברך ברכת השחר וענו אחריו אמן חוזר אחד מהעונים אמן ומברך, ועונין אחריו אמן, וכסדר הזה עושין כל אותם שענו אמן תחילה, ואין לערער עליהם ולומר שכבר יוצאו באמן שענו תחילה, מפני שהמברך אינו מכוון להוציא אחרים, ואפילו אם היה המברך מכוון להוציא אחרים, הם מכוונים שלא לצאת בברכתו",,"יֵשׁ נוֹהֲגִין שֶׁאַחַר שֶׁבֵּרַךְ <small><small>(א')</small></small> בִּרְכַּת הַשַּׁחַר וְעָנוּ אַחֲרָיו אָמֵן חוֹזֵר אֶחָד מֵהָעוֹנִים אָמֵן וּמְבָרֵךְ, וְעוֹנִין אַחֲרָיו אָמֵן, וְכַסֶדֶר הַזֶּה עוֹשִׂין כָּל אוֹתָם שֶׁעָנוּ אָמֵן תְּחִלָּה, וְאֵין לְעַרְעֵר עֲלֵיהֶם וְלוֹמַר שֶׁכְּבָר יָצְאוּ בָּאָמֵן שֶׁעָנוּ תְּחִלָּה, מִפְּנֵי שֶׁהַמְבָרֵךְ אֵינוֹ מְכַוֵּן לְהוֹצִיא אֲחֵרִים, וַאֲפִלּוּ אִם הָיָה הַמְבָרֵךְ מְכַוֵּן לְהוֹצִיא אֲחֵרִים, הֵם מְכַוְּנִים שֶׁלֹּא לָצֵאת בְּבִרְכָּתוֹ: "
7,1,"כל היום כשעושים צרכיו בין קטנים בין גדולים מברך אשר יצר, ולא על נטילת ידיים, אף אם רוצה ללמוד או להתפלל מיד",היו ידיו מלוכלכות ששפשף בהן אפילו הכי אינו מברך על נטילת ידיים,"כָּל הַיּוֹם כְּשֶׁעוֹשִׂים צְרָכָיו בֵּין קְטַנִּים בֵּין גְּדוֹלִים מְבָרֵךְ אֲשֶׁר יָצַר, וְלֹא עַל נְטִילַת יָדַיִם, אַף אִם רוֹצֶה לִלְמֹד אוֹ לְהִתְפַּלֵּל מִיָּד: <small> הַגָּה: הָיוּ יָדָיו מְלֻכְלָכוֹת שֶׁשִּׁפְשֵׁף בָּהֶן אֲפִלּוּ הָכֵי אֵינוֹ מְבָרֵךְ עַל נְטִילַת יָדָיִם </small> <small><small>(סמ""ג סי' כ""ז מ""ע)</small>: </small> "
7,2,"הטיל מים ולא שפשף אף על פי שצריך לברך אשר יצר, אין צריך לטול ידיו אלא משום נקיות או משום הכון.",,"הֵטִיל מַיִם וְלֹא שִׁפְשֵׁף אַף עַל פִּי שֶׁצָּרִיךְ לְבָרֵךְ אֲשֶׁר יָצַר, אֵין צָרִיךְ לִטֹּל יָדָיו אֶלָּא מִשּׁוּם נְקִיּוּת אוֹ מִשּׁוּם הִכּוֹן. "
7,3,"הטיל מים והסיח דעתו מלהטיל מים ואחר כך נמלך והטיל מים פעם אחרת, צריך לברך שתי פעמים אשר יצר.",,"הֵטִיל מַיִם וְהִסִיחַ דַּעְתּוֹ מִלְּהָטִיל מַיִם וְאַחַר כָּךְ נִמְלַךְ וְהֵטִיל מַיִם פַּעַם אַחֶרֶת, צָרִיךְ לְבָרֵךְ ב' פְּעָמִים אֲשֶׁר יָצַר. "
7,4,"אין שעור להשתין מים כי אפילו לטיפה אחת חייב לברך, שאם יסתם הנקב מלהוציא הטיפה ההיא היה קשה לו וחייב להודות",,"אֵין שִׁעוּר לְהַשְׁתִּין מַיִם כִּי אֲפִלּוּ לְטִפָּה אַחַת חַיָּב לְבָרֵךְ, שֶׁאִם יִסָתֵם הַנֶּקֶב מִלְּהוֹצִיא הַטִּפָּה הַהִיא הָיָה קָשֶׁה לוֹ וְחַיָּב לְהוֹדוֹת: "
8,1,יתעטף בציצית ויברך מעומד.,, יִתְעַטֵּף בְּצִיצִית וִיבָרֵךְ מְעֻמָּד. 
8,2,"יסדר עטיפתו כדרך בני אדם שמתכסים בכסותן ועוסקים במלאכתם פעמים בכסוי הראש, פעמים בגילוי הראש, ונכון שיכסה ראשו בטלית.",,"יְסַדֵּר עֲטִיפָתוֹ כְּדֶרֶךְ בְּנֵי אָדָם שֶׁמִּתְכַּסִים בִּכְסוּתָן וְעוֹסְקִים בִּמְלַאכְתָּם פְּעָמִים בְּכִסוּי הָרֹאשׁ, פְּעָמִים בְּגִלּוּי הָרֹאשׁ, וְנָכוֹן שֶׁיְּכַסֶה רֹאשׁוֹ בְּטַלִּית. "
8,3,"טליתות קטנים שלנו שאנו נוהגים ללבוש, אף על פי שאין בהם עטוף, יוצאים בהם ידי חובת ציצית, וטוב להניח אותו על ראשו רוחבו לקומתו, ולהתעטף בו, ויעמוד כך מעוטף לפחות כדי הלוך ארבע אמות, ואחר כך ימשכנו מעל ראשו, וילבשנו.",,"טַלִּיתוֹת קְטַנִּים שֶׁלָּנוּ שֶׁאָנוּ נוֹהֲגִים לִלְבֹּשׁ, אַף עַל פִּי שֶׁאֵין בָּהֶם עִטּוּף, יוֹצְאִים בָּהֶם יְדֵי חוֹבַת צִיצִית, וְטוֹב לְהַנִּיחַ אוֹתוֹ עַל רֹאשׁוֹ רָחְבּוֹ לְקוֹמָתוֹ, וּלְהִתְעַטֵּף בּוֹ, וְיַעֲמֹד כָּךְ מְעֻטָּף לְפָחוֹת כְּדֵי הִלּוּךְ ד' אַמּוֹת, וְאַחַר כָּךְ יִמְשְׁכֶנּוּ מֵעַל רֹאשׁוֹ, וְיִלְבְּשֶׁנּוּ. "
8,4,מחזיר שתי ציציות לפניו ושתיים לאחוריו כדי שיהא מסובב במצות.,,מַחֲזִיר שְׁתֵּי צִיצִיּוֹת לְפָנָיו וּשְׁתַּיִם לַאֲחוֹרָיו כְּדֵי שֶׁיְּהֵא מְסוֹבָב בְּמִצְוֹת. 
8,5,"מברך להתעטף בציצית. אם שניים או שלושה מתעטפים בטלית כאחת כולם מברכים. ואם רצו, אחד מברך, והאחרים יענו אמן.",,"מְבָרֵךְ לְהִתְעַטֵּף בְּצִיצִית. אִם שְׁנַיִם אוֹ שְׁלֹשָׁה מִתְעַטְּפִים בְּטַלִּית כְּאַחַת <small> פֵּרוּשׁ בְּפַעַם אַחַת </small> כֻּלָּם מְבָרְכִים. וְאִם רָצוּ, אֶחָד מְבָרֵךְ, וְהָאֲחֵרִים יַעֲנוּ אָמֵן. "
8,6,"על טלית קטן יכול לברך להתעטף, אף על פי שאינו מתעטף אלא לובשו.","ויש אומרים שמברכין עליו על מצוות ציצית וכן נוהגין, ואין לשנות","עַל טַלִּית קָטָן יָכוֹל לְבָרֵךְ לְהִתְעַטֵּף, אַף עַל פִּי שֶׁאֵינוֹ מִתְעַטֵּף אֶלָּא לוֹבְשׁוֹ. <small> הַגָּה: וְיֵשׁ אוֹמְרִים שֶׁמְּבָרְכִין עָלָיו </small> <small> עַל מִצְוַת צִיצִית וְכֵן נוֹהֲגִין, וְאֵין לְשַׁנּוֹת </small> <small><small>(כָּל בּוֹ סי' כ""ב וְנ""י בְּה""ק דַּף פ""ו ע""ב)</small>. </small> "
8,7,צריך להפריד חוטי הציצית זה מזה.,,צָרִיךְ לְהַפְרִיד חוּטֵי הַצִּיצִית זֶה מִזֶּה. 
8,8,יכוון בהתעטפו שציוונו אלוהים להתעטף בו כדי שנזכור כל מצותיו לעשותם.,,"יְכַוֵּן בְּהִתְעַטְּפוֹ שֶׁצִּוָּנוּ הָקָּבָּ""ה לְהִתְעַטֵּף בּוֹ כְּדֵי שֶׁנִּזְכֹּר כָּל מִצְוֹתָיו לַעֲשׂוֹתָם. "
8,9,קודם שיברך יעיין בחוטי הציצית אם הם כשרים כדי שלא יברך לבטלה.,,קֹדֶם שֶׁיְּבָרֵךְ יְעַיֵּן בְּחוּטֵי הַצִּיצִית אִם הֵם כְּשֵׁרִים כְּדֵי שֶׁלֹּא יְבָרֵךְ לְבַטָּלָה. 
8,10,"אם לובש טלית קטן בעוד שאין ידיו נקיות, ילבשנו בלא ברכה, וכשיטול ידיו ימשמש בציצית ויברך עליו, או כשילבש טלית אחר יברך עליו ויכוון לפטור גם את זה, ואין צריך למשמש בציצית של ראשון",,"אִם לוֹבֵשׁ טַלִּית קָטָן בְּעוֹד שֶׁאֵין יָדָיו נְקִיּוֹת, יִלְבְּשֶׁנּוּ בְּלֹא בְּרָכָה, וּכְשֶׁיִּטֹּל יָדָיו יְמַשְׁמֵשׁ בַּצִּיצִית וִיבָרֵךְ עָלָיו, אוֹ כְּשֶׁיִּלְבַּשׁ טַלִּית אַחֵר יְבָרֵךְ עָלָיו וִיכַוֵּן לִפְטֹר גַּם אֶת זֶה, וְאֵין צָרִיךְ לְמַשְׁמֵשׁ בַּצִּיצִית שֶׁל רִאשׁוֹן: "
8,11,עקר מצוות טלית קטן ללבשו על בגדיו כדי שתמיד יראהו ויזכור המצות.,,עִקַּר מִצְוַת טַלִּית קָטָן לְלָבְשׁוֹ עַל בְּגָדָיו כְּדֵי שֶׁתָּמִיד יִרְאֶהוּ וְיִזְכֹּר הַמִּצְוֹת. 
8,12,"אם יש לו כמה בגדים של ארבע כנפות כולם חייבים בציצית. ואם לבשם כולם בלא הפסק והיה דעתו מתחילה על כולם, לא יברך אלא ברכה אחת, ואם מפסיק ביניהם, צריך לברך על כל אחת ואחת, והוא הדין אם לא היה בדעתו מתחילה על כולם הווי כמפסיק ביניהם",וכן אם פשט הראשון קודם שלבש השני צריך לחזור ולברך,"אִם יֵשׁ לוֹ כַּמָּה בְּגָדִים שֶׁל אַרְבַּע כְּנָפוֹת כֻּלָּם חַיָּבִים בְּצִיצִית. וְאִם לְבָשָׁם כֻּלָּם בְּלֹא הֶפְסֵק וְהָיָה דַּעְתּוֹ מִתְּחִלָּה עַל כֻּלָּם, לֹא יְבָרֵךְ אֶלָּא בְּרָכָה אַחַת, וְאִם מַפְסִיק בֵּינֵיהֶם, צָרִיךְ לְבָרֵךְ עַל כָּל אַחַת וְאַחַת, וְהוּא הַדִּין אִם לֹא הָיָה בְּדַעְתּוֹ מִתְּחִלָּה עַל כֻּלָּם הָוֵי כְּמַפְסִיק בֵּינֵיהֶם: <small> הַגָּה: וְכֵן אִם פָּשַׁט הָרִאשׁוֹן קֹדֶם שֶׁלָּבַשׁ הַשֵּׁנִי צָרִיךְ לַחֲזֹר </small> <small> וּלְבָרֵךְ </small> <small><small>(ת""ה סי' מ""ה)</small>. </small> "
8,13,"הלובש טלית קטן ומברך עליו כשהולך לבית הכנסת ומתעטף בטלית גדול צריך לברך עליו, דהליכה מביתו לבית הכנסת חשיבה הפסק, ואם מתפלל בתוך ביתו, אם היה דעתו מתחילה גם על טלית גדול ולא הפסיק בינתיים בשיחה או בדברים אחרים, אינו צריך לחזור ולברך.",,"הַלּוֹבֵשׁ טַלִּית קָטָן וּמְבָרֵךְ עָלָיו כְּשֶׁהוֹלֵךְ לְבֵית הַכְּנֶסֶת וּמִתְעַטֵּף בְּטַלִּית גָּדוֹל צָרִיךְ לְבָרֵךְ עָלָיו, דַּהֲלִיכָה מִבֵּיתוֹ לְבֵית הַכְּנֶסֶת חֲשִׁיבָה הֶפְסֵק, וְאִם מִתְפַּלֵּל בְּתוֹךְ בֵּיתוֹ, אִם הָיָה דַּעְתּוֹ מִתְּחִלָּה גַּם עַל טַלִּית גָּדוֹל וְלֹא הִפְסִיק בֵּינְתַיִם בְּשִׂיחָה אוֹ בִּדְבָרִים אֲחֵרִים, אֵינוֹ צָרִיךְ לַחֲזֹר וּלְבָרֵךְ. "
8,14,"ואם פשט טליתו אפילו היה דעתו לחזור ולהתעטף בו מיד, צריך לברך כשיחזור ויתעטף בו",ויש אומרים שאין מברכין אם היה דעתו לחזור ולהתעטף בו ויש אומרים דווקא כשנשאר עליו טלית קטן והכי נוהגין,"וְאִם פָּשַׁט טַלִּיתוֹ אֲפִלּוּ הָיָה דַּעְתּוֹ לַחֲזֹר וּלְהִתְעַטֵּף בּוֹ מִיָּד, צָרִיךְ לְבָרֵךְ כְּשֶׁיַּחֲזֹר וְיִתְעַטֵּף בּוֹ: <small> הַגָּה: וְיֵשׁ אוֹמְרִים שֶׁאֵין מְבָרְכִין אִם הָיָה דַּעְתּוֹ לַחֲזֹר וּלְהִתְעַטֵּף בּוֹ </small> <small><small>(אָגוּר סִימָן ל""ד)</small></small> <small> וְיֵשׁ אוֹמְרִים דַּוְקָא כְּשֶׁנִּשְׁאַר עָלָיו </small> <small> טַלִּית קָטָן וְהָכֵי נוֹהֲגִין </small> <small><small>(שָׁם)</small></small> <small> עַיֵּן לְקַמָּן סִימָן כ""ה סָעִיף י""ב. </small> "
8,15,"אם נופלה טליתו שלא במתכוון וחוזר ומתעטף, צריך לברך, והוא שנפלה כולה. אבל אם לא נופלה כולה, אף על פי שנפלה רובה אין צריך לברך.",," אִם נָפְלָה טַלִּיתוֹ שֶׁלֹּא בְּמִתְכַּוֵּן וְחוֹזֵר וּמִתְעַטֵּף, צָרִיךְ לְבָרֵךְ, וְהוּא שֶׁנָּפְלָה כֻּלָּהּ. אֲבָל אִם לֹא נָפְלָה כֻּלָּהּ, אַף עַל פִּי שֶׁנָּפְלָה רֻבָּהּ אֵין צָרִיךְ לְבָרֵךְ. "
8,16,"הלן בטליתו בלילה צריך לברך עליו בבוקר, אף אם לא פשטו, וטוב למשמש בו בשעת ברכה",,"הַלָּן בְּטַלִּיתוֹ בַּלַּיְלָה צָרִיךְ לְבָרֵךְ עָלָיו בַּבֹּקֶר, אַף אִם לֹא פְּשָׁטוֹ, וְטוֹב לְמַשְׁמֵשׁ בּוֹ בִּשְׁעַת בְּרָכָה: <small> וְכֵן יַעֲשֶׂה מִי שֶׁלּוֹבֵשׁ טַלִּיתוֹ קֹדֶם שֶׁיֵּאוֹר הַיּוֹם </small> <small><small>(הגמ""יי בְּשֵׁם סֵפֶר הַתְּרוּמָה וּסְמַ""ג וּסְמַ""ק וְהַמָּרְדְּכַי בְּהִלְכוֹת תְּפִלִּין)</small>. </small> "
8,17,"נתכסה בבגד שהוא חייב בציצית, ולא הטיל בו ציצית בטל מצוות עשה",,"נִתְכַּסָה בְּבֶגֶד שֶׁהוּא חַיָּב בְּצִיצִית, וְלֹא הֵטִיל בּוֹ צִיצִית בִּטֵּל מִצְוַת עֲשֵׂה: "
9,1,"אין חייב בציצית מן התורה אלא בגד פשתים או של צמר רחלים, אבל בגדי שאר מינים אין חייבים בציצית אלא מדרבנן",,"אֵין חַיָּב בְּצִיצִית מִן הַתּוֹרָה אֶלָּא בֶּגֶד פִּשְׁתִּים אוֹ שֶׁל צֶמֶר רְחֵלִים, אֲבָל בִּגְדֵי שְׁאָר מִינִים אֵין חַיָּבִים בְּצִיצִית אֶלָּא מִדְּרַבָּנָן <small> וְיֵשׁ אוֹמְרִים דְּכֻלְּהוּ חַיָּבִים מִדְּאוֹרַיְתָא וְהָכֵי הִלְכְתָא </small> <small><small>(תּוֹסָפוֹת דַּף ל""ט וְהָרֹא""שׁ סְמַ""ג וּמָרְדְּכַי)</small>. </small> "
9,2,"ציצית של פשתים או של צמר רחלים פוטרים בכל מיני בגדים, חוץ משל פשתים לצמר, או של צמר לפשתים בזמן הזה דליכא תכלת, מפני שהם כלאיים",ויש אומרים שלא לעשות ציצית של פשתים כלל אפילו בשאר מינים והכי נהוג,"צִיצִית שֶׁל פִּשְׁתִּים אוֹ שֶׁל צֶמֶר רְחֵלִים פּוֹטְרִים בְּכָל מִינֵי בְּגָדִים, חוּץ מִשֶּׁל פִּשְׁתִּים לְצֶמֶר, אוֹ שֶׁל צֶמֶר לְפִשְׁתִּים בַּזְּמַן הַזֶּה דְּלֵיכָּא תְּכֵלֶת, מִפְּנֵי שֶׁהֵם כִּלְאַיִם: <small> הַגָּה: וְיֵשׁ אוֹמְרִים שֶׁלֹּא לַעֲשׂוֹת צִיצִית שֶׁל פִּשְׁתִּים כְּלָל אֲפִלּוּ בִּשְׁאָר מִינִים וְהָכֵי נָהוּג </small> <small><small>(סְמַ""ק סִימָן ל""א)</small>. </small> "
9,3,"ציצית של שאר מינים אין פוטרים אלא במינם, כגון: משי לבגד משי, וצמר גפן לצמר גפן, אבל שלא במינם אין פוטרין.",,"צִיצִית שֶׁל שְׁאָר מִינִים אֵין פּוֹטְרִים אֶלָּא בְּמִינָם, כְּגוֹן: מֶשִׁי לְבֶגֶד מֶשִׁי, וְצֶמֶר גֶּפֶן לְצֶמֶר גֶּפֶן, אֲבָל שֶׁלֹּא בְּמִינָם אֵין פּוֹטְרִין. "
9,4,"אם הטיל בטלית של שאר מינים קצת ציציות ממינו, וקצת מצמר או פשתים, יש להסתפק בו.",,"אִם הֵטִיל בַּטַּלִּית שֶׁל שְׁאָר מִינִים קְצָת צִיצִיּוֹת מִמִּינוֹ, וּקְצָת מִצֶּמֶר אוֹ פִּשְׁתִּים, יֵשׁ לְהִסְתַּפֵּק בּוֹ. "
9,5,יש אומרים שצריך לעשות הציציות מצבע הטלית והמדקדקים נוהגים כן,והאשכנזים אין נוהגים לעשות הציציות רק לבנים אף בבגדים צבועים ואין לשנות,"יֵשׁ אוֹמְרִים שֶׁצָּרִיךְ לַעֲשׂוֹת הַצִּיצִיּוֹת מִצֶּבַע הַטַּלִּית וְהַמְדַקְדְּקִים נוֹהֲגִים כֵּן: <small> הַגָּה: וְהָאַשְׁכְּנַזִּים אֵין נוֹהֲגִים לַעֲשׂוֹת הַצִּיצִיּוֹת </small> <small> רַק לְבָנִים אַף בִּבְגָדִים צְבוּעִים וְאֵין לְשַׁנּוֹת </small> <small><small>(ת""ה סִימָן מ""ו)</small>. </small> "
9,6,"יש אומרים שאין לעשות טלית של פשתן, אף על פי שאין הלכה כן ירא שמים יצא את כולם, ועושה טלית של צמר רחלים שהוא חייב בציצית מן התורה בלי פקפוק",ומיהו אם אי אפשר רק בטלית של פשתן מוטב שיעשה טלית של פשתן וציצית של פשתן משיתבטל ממצוות ציצית,"יֵשׁ אוֹמְרִים שֶׁאֵין לַעֲשׂוֹת טַלִּית שֶׁל פִּשְׁתָּן, אַף עַל פִּי שֶׁאֵין הֲלָכָה כֵּן יְרֵא שָׁמַיִם יֵצֵא אֶת כֻּלָּם, וְעוֹשֶׂה טַלִּית שֶׁל צֶמֶר רְחֵלִים שֶׁהוּא חַיָּב בְּצִיצִית מִן הַתּוֹרָה בְּלִי פִּקְפּוּק: <small> הַגָּה: וּמִיהוּ אִם אִי אֶפְשָׁר רַק בְּטַלִּית שֶׁל פִּשְׁתָּן מוּטָב שֶׁיַּעֲשֶׂה טַלִּית שֶׁל פִּשְׁתָּן </small> <small> וְצִיצִית שֶׁל פִּשְׁתָּן מִשֶּׁיִּתְבַּטֵּל מִמִּצְוַת צִיצִית </small> <small><small>(תשו' הָרֹא""שׁ כְּלָל ב')</small>: </small> "
10,1,"טלית שאין לה ארבע כנפות פטורה, יש לה יותר מארבע חייבת, ועושה לה ארבע ציציות בארבע כנפיה המרוחקות זו מזו יותר.",,"טַלִּית שֶׁאֵין לָהּ ד' כְּנָפוֹת פְּטוּרָה, יֵשׁ לָהּ יוֹתֵר מֵאַרְבַּע חַיֶּבֶת, וְעוֹשֶׂה לָהּ אַרְבַּע צִיצִיּוֹת בְּאַרְבַּע כְּנָפֶיהָ הַמְרֻחָקוֹת זוֹ מִזּוֹ יוֹתֵר. "
10,2,"יש לה ארבע, וחתך אחד באלכסון, ועשהו שניים, הרי נעשית בעלת אלוהים וחייבת.",,"יֵשׁ לָהּ אַרְבַּע, וְחָתַךְ אֶחָד בַּאֲלַכְסוֹן, וְעָשָׂהוּ שְׁנַיִם, הֲרֵי נַעֲשֵׂית בַּעֲלַת ה' וְחַיֶּבֶת. "
10,3,"כפל קרנות טליתו וקשרם, או תפרם ודומה כאילו קצען, ואין לה כנפות, אף על פי כן לא נפטרה.",,"כָּפַל קַרְנוֹת טַלִּיתוֹ וּקְשָׁרָם, אוֹ תְּפָרָם וְדוֹמֶה כְּאִלּוּ קִצְּעָן, וְאֵין לָהּ כְּנָפוֹת, אַף עַל פִּי כֵן לֹא נִפְטְרָה. "
10,4,"טלית של בגד וכנפיה של עור, חייבת. היא של עור וכנפיה של בגד, פטורה.",,"טַלִּית שֶׁל בֶּגֶד וּכְנָפֶיהָ שֶׁל עוֹר, חַיֶּבֶת. הִיא שֶׁל עוֹר וּכְנָפֶיהָ שֶׁל בֶּגֶד, פְּטוּרָה. "
10,5,"היו לה שלוש כנפות ועשה בהם שלוש ציציות, ושוב עשה לה כנף ד', ועשה גם בו ציצית פסולה משום תעשה, ולא מן העשוי.",,"הָיוּ לָהּ ג' כְּנָפוֹת וְעָשָׂה בָּהֶם ג' צִיצִיּוֹת, וְשׁוּב עָשָׂה לָהּ כָּנָף ד', וְעָשָׂה גַּם בּוֹ צִיצִית פְּסוּלָה מִשּׁוּם תַּעֲשֶׂה, וְלֹא מִן הֶעָשׂוּי. "
10,6,"אין כופלין את הטלית ומטילים ציצית על כנפיה כמו שהיא כפולה אלא אם כן תפרה כולה, ואפילו מרוח אחת: הטיל ציצית על ציצית, אם נתכוון לבטל הראשונה חותך הראשונה וכשרה, ואם נתכוון להוסיף, אף על פי שחתך אחת משתיהן, פסולה",אבל צריך להטיל בד' כנפיה הפשוטים ויש אומרים דחייבין אפילו בלא תפירה וטוב לעשות לה ציצית אבל לא לברך עליה ויש מכשירים בכל ענין וכן עקר וקודם שחתך הראשונות פסול בכל ענין,"אֵין כּוֹפְלִין אֶת הַטַּלִּית וּמְטִילִים צִיצִית עַל כְּנָפֶיהָ כְּמוֹ שֶׁהִיא כְּפוּלָה <small> הַגָּה: אֲבָל צָרִיךְ לְהָטִיל בְּד' כְּנָפֶיהָ הַפְּשׁוּטִים </small> <small><small>(בֵּית יוֹסֵף)</small></small> אֶלָּא אִם כֵּן תְּפָרָהּ כֻּלָּהּ, וַאֲפִלּוּ מֵרוּחַ אַחַת: <small> הַגָּה: וְיֵשׁ אוֹמְרִים דְּחַיָּבִין אֲפִלּוּ בְּלֹא תְּפִירָה וְטוֹב לַעֲשׂוֹת לָהּ צִיצִית אֲבָל לֹא לְבָרֵךְ עָלֶיהָ </small> <small><small>(הָרִי""ף וְהָרֹא""שׁ וְהַטּוּר)</small>: </small> הֵטִיל צִיצִית עַל צִיצִית, אִם נִתְכַּוֵּן לְבַטֵּל הָרִאשׁוֹנָה חוֹתֵךּ הָרִאשׁוֹנָה וּכְשֵׁרָה, וְאִם נִתְכַּוֵּן לְהוֹסִיף, אַף עַל פִּי שֶׁחָתַךְ אַחַת מִשְּׁתֵּיהֶן, פְּסוּלָה: <small> הַגָּה: וְיֵשׁ מַכְשִׁירִים בְּכָל עִנְיָן וְכֵן עִקָּר </small> <small><small>(טוּר בְּשֵׁם הָרֹא""שׁ וְר' יְרוּחָם ני""ט ח""ג)</small></small> <small> וְקֹדֶם שֶׁחָתַךְ </small> <small> הָרִאשׁוֹנוֹת פָּסוּל בְּכָל עִנְיָן </small> <small><small>(בֵּית יוֹסֵף)</small>. </small> "
10,7,"מלבושים שהם פתוחים מן הצדדין למטה ויש להם ארבע כנפות לצד מטה ולמעלה הם סתומים, אם רובו סתום, פטור, ואם רובו פתוח, חייב. ואם חציו סתום וחציו פתוח מטילין אותו לחומרא, וחייב בציצית, ואין יוצאין בו בשבת.",,"מַלְבּוּשִׁים שֶׁהֵם פְּתוּחִים מִן הַצְּדָדִין לְמַטָּה וְיֵשׁ לָהֶם ד' כְּנָפוֹת לְצַד מַטָּה וּלְמַעְלָה הֵם סְתוּמִים, אִם רֻבּוֹ סָתוּם, פָּטוּר, וְאִם רֻבּוֹ פָּתוּחַ, חַיָּב. וְאִם חֶצְיוֹ סָתוּם וְחֶצְיוֹ פָּתוּחַ מְטִילִין אוֹתוֹ לְחֻמְרָא, וְחַיָּב בְּצִיצִית, וְאֵין יוֹצְאִין בּוֹ בְּשַׁבָּת. "
10,8,"קאפ""ה שהיא פתוחה בענין שיש לה ארבע כנפות, אם יקבעו בה אשטרינג""ה לעשותה כסתומה כדי לפוטרה מציצית אינו מועיל תקון זה, אם לא תהיה קבוע מחצי אורכה למטה לכל הפחות, וגם שתהיה קבוע למטה מהחגור למען יהיה הרוב הסתום רוב הנראה לעיניים, דאלמלא כן יאסר משום מראית העין.",,"קאפ""ה שֶׁהִיא פְּתוּחָה בְּעִנְיָן שֶׁיֵּשׁ לָהּ ד' כְּנָפוֹת, אִם יִקְבְּעוּ בָּהּ אשטרינג""ה לַעֲשׂוֹתָהּ כִּסְתוּמָה כְּדֵי לְפָטְרָהּ מִצִּיצִית אֵינוֹ מוֹעִיל תִּקּוּן זֶה, אִם לֹא תִּהְיֶה קָבוּעַ מֵחֲצִי אָרְכָּהּ לְמַטָּה לְכָל הַפָּחוֹת, וְגַם שֶׁתִּהְיֶה קָבוּעַ לְמַטָּה מֵהַחֲגוֹר לְמַעַן יִהְיֶה הָרֹב הַסָתוּם רֹב הַנִּרְאֶה לָעֵינַיִם, דְּאִלְמָלֵא כֵן יֵאָסֵר מִשּׁוּם מַרְאִית הָעַיִן. "
10,9,"הכנפיים צריך שיהיו מרובעות, ולא שיהיו עגולות.",,"הַכְּנָפַיִם צָרִיךְ שֶׁיִּהְיוּ מְרֻבָּעוֹת, וְלֹא שֶׁיִּהְיוּ עֲגֻלּוֹת. "
10,10,"מצנפת פטורה, אפילו של ארצות המערב שב' ראשיה מושלכים על כתפיהם וגופם, ואף על פי שמתכסה בה ראשו ורובו פטור, כיוון שעיקרה לכסות הראש, דכסותך אמר רחמנא ולא כסות הראש.",,"מִצְנֶפֶת פְּטוּרָה, אֲפִלּוּ שֶׁל אַרְצוֹת הַמַּעֲרָב שֶׁב' רָאשֶׁיהָ מֻשְׁלָכִים עַל כִּתְפֵיהֶם וְגוּפָם, וְאַף עַל פִּי שֶׁמִּתְכַּסֶה בָּהּ רֹאשׁוֹ וְרֻבּוֹ פָּטוּר, כֵּיוָן שֶׁעִקָּרָהּ לְכַסוֹת הָרֹאשׁ, דִּכְסוּתְךָ אָמַר רַחֲמָנָא וְלֹא כְּסוּת הָרֹאשׁ. "
10,11,"סודר שנותנין על הצוואר במלכות ארץ ישראל שנקרא בערבי שי""ד וכן ביק "" א שהיו נותנין בספרד על כתפיהם פטורים.",,"סוּדָר שֶׁנּוֹתְנִין עַל הַצַּוָּאר בְּמַלְכוּת אֶרֶץ יִשְׂרָאֵל שֶׁנִּקְרָא בְּעַרְבִי שי""ד וְכֵן ביק "" א שֶׁהָיוּ נוֹתְנִין בִּסְפָרַד עַל כִּתְפֵיהֶם פְּטוּרִים. "
10,12,"מלבושים שבמצריים הנקראים גוחאש וכן מינטיניש ודולאמאניש וקפטאניש ופיריגיש שבתוגרמה, אף על פי שיש להם ד' כנפיים פטורים",והוא הדין מלבושים של גלילות בני אשכנז וספרד הואיל ואין כנפיהם עשוין שיהיו ב' לפניהם וב' לאחוריהם מכוונים זו כנגד זו פטורים,"מַלְבּוּשִׁים שֶׁבְּמִצְרַיִם הַנִּקְרָאִים גוחאש וְכֵן מינטיניש ודולאמאניש וקפטאניש ופיריגיש שֶׁבְּתוּגַרְמָה, אַף עַל פִּי שֶׁיֵּשׁ לָהֶם ד' כְּנָפַיִם פְּטוּרִים: <small> הַגָּה: וה""ה מַלְבּוּשִׁים שֶׁל גְּלִילוֹת בְּנֵי אַשְׁכְּנַז וּסְפָרַד הוֹאִיל וְאֵין כַּנְפֵיהֶם עֲשׂוּיִן שֶׁיִּהְיוּ </small> <small> ב' לִפְנֵיהֶם וּב' לַאֲחֹרֵיהֶם מְכֻוָּנִים זוֹ כְּנֶגֶד זוֹ פְּטוּרִים </small> <small><small>(בֵּית יוֹסֵף לְפִי סְבָרַת מַהֲרִי""ק)</small>: </small> "
11,1,"החוטין צריך שיהיו טווין לשמן: שיאמר בתחילת הטווייה שהוא עושה כן לשם ציצית, או שיאמר לאישה טווי לי ציצית לטלית, ואם לא היו טווין לשמן פסולים.",ויש מחמירין אפילו לנפצן לשמן והמנהג להקל בניפוץ,"הַחוּטִין צָרִיךְ שֶׁיִּהְיוּ טְווּיִן לִשְׁמָן: <small> הַגָּה: וְיֵשׁ מַחְמִירִין אֲפִלּוּ לְנַפְּצָן לִשְׁמָן וְהַמִּנְהָג לְהָקֵל בַּנִּפּוּץ </small> <small><small>(מָרְדְּכַי וַאֲגֻדָּה סי' כ""ג)</small></small> שֶׁיֹּאמַר בִּתְחִלַּת הַטְּוִיָּה שֶׁהוּא עוֹשֶׂה כֵן לְשֵׁם צִיצִית, אוֹ שֶׁיֹּאמַר לְאִשָּׁה טְוִי לִי צִיצִית לְטַלִּית, וְאִם לֹא הָיוּ טוֹוִין לִשְׁמָן פְּסוּלִים. "
11,2,"טוואן גוי וישראל עומד על גבו ואמר שיעשה לשמה, להרמב""ם פסול להרא""ש כשר: וצריכין שזירה ושיהיו שזורין לשמן.",ונוהגין שיסייע הישראל מעט וכדאיתא,"טְוָאָן עַכּוּ""ם וְיִשְׂרָאֵל עוֹמֵד עַל גַּבּוֹ וְאָמַר שֶׁיַּעֲשֶׂה לִשְׁמָהּ, לְהָרַמְבָּ""ם פָּסוּל לְהָרֹא""שׁ כָּשֵׁר: <small> הַגָּה: וְנוֹהֲגִין שֶׁיְּסַיַּע הַיִּשְׂרָאֵל מְעַט וְכִדְאִיתָא לְקַמָּן סִימָן ל""ב סָעִיף ט' וּבְיוֹרֵה דֵּעָה סִימָן רע""א גַּבֵּי תְּפִלִּין וְסֵפֶר תּוֹרָה: </small> וּצְרִיכִין שְׁזִירָה וְשֶׁיִּהְיוּ שְׁזוּרִין לִשְׁמָן. "
11,3,"אם נתפרקו משזירתן ונעשו שישה עשר כשרים, והוא שישתייר בשיזור כדי עניבה",ולכתחילה טוב לקשור החוטין למטה,"אִם נִתְפָּרְקוּ מִשְּׁזִירָתָן וְנַעֲשׂוּ י""ו כְּשֵׁרִים, וְהוּא שֶׁיִּשְׁתַּיֵּר בַּשִּׁזּוּר כְּדֵי עֲנִיבָה: <small> הַגָּה: וּלְכַתְּחִלָּה טוֹב לִקְשֹׁר הַחוּטִין </small> <small> לְמַטָּה כְּדִלְקַמָּן בְּסָעִיף י""ד בְּסִימָן זֶה </small> <small><small>(בֵּית יוֹסֵף בְּשֵׁם הָרוֹקֵחַ)</small>. </small> "
11,4,"אורך החוטים השמונה אין פחות מארבע גודלים, ויש אומרים שנים עשר גודלים, וכן נוהגין. ולמעלה אין להם שעור: אחד מהחוטים יהיה יותר ארוך, כדי שיכרוך בו הגדיל",ואם עשאו ארוך יותר מדאי יכול לקצרו ואין בזה משום תעשה ולא מן העשוי ושעור הנזכר יהיה בציצית לאחר שנקשר מלבד מה שמונח על קרן הבגד,"אֹרֶךְ הַחוּטִים הַשְּׁמֹנָה אֵין פָּחוֹת מֵאַרְבַּע גּוּדָלִים, וְיֵשׁ אוֹמְרִים י""ב גּוּדָלִים, וְכֵן נוֹהֲגִין. וּלְמַעְלָה אֵין לָהֶם שִׁעוּר: <small> הַגָּה: וְאִם עֲשָׂאוֹ אָרֹךְ יוֹתֵר מִדַּאי יָכוֹל לְקַצְּרוֹ וְאֵין בָּזֶה מִשּׁוּם תַּעֲשֶׂה וְלֹא מִן הֶעָשׂוּי </small> <small><small>(מָרְדְּכַי בְּה""ק)</small></small> אֶחָד מֵהַחוּטִים יִהְיֶה יוֹתֵר אָרֹךְ, כְּדֵי שֶׁיִּכְרֹךְ בּוֹ הַגְּדִיל <small><small>(הַיְנוּ הַחֵלֶק מֵהַצִיצִית שֶׁאֵינוֹ אָרוּג)</small>: </small> <small> הַגָּה: וְשִׁעוּר הַנִּזְכָּר יִהְיֶה בַּצִּיצִית לְאַחַר שֶׁנִּקְשַׁר מִלְּבַד מַה שֶּׁמּוּנָח עַל קֶרֶן הַבֶּגֶד </small> <small><small>(סְבָרַת בֵּית יוֹסֵף)</small>. </small> "
11,5,"אין עושין הציציות מהצמר הנאחז בקוצים כשהצאן רובצים ביניהם, ולא מהנימין הנתלשים מהבהמה, ולא משיורי שתי שהאורג משיר בסוף הבגד, והטעם משום בזוי מצווה.",,"אֵין עוֹשִׂין הַצִּיצִיּוֹת מֵהַצֶּמֶר הַנֶּאֱחָז בַּקּוֹצִים כְּשֶׁהַצֹּאן רוֹבְצִים בֵּינֵיהֶם, וְלֹא מֵהַנִּימִין הַנִּתְלָשִׁים מֵהַבְּהֵמָה, וְלֹא מִשִּׁיּוּרֵי שְׁתִי שֶׁהָאוֹרֵג מְשַׁיֵּר בְּסוֹף הַבֶּגֶד, וְהַטַּעַם מִשּׁוּם בִּזּוּי מִצְוָה. "
11,6,"אם עשאם מצמר גזול פסולים, דכתיב ועשו להם, משלהם","ודווקא שגזל החוטין אבל אם גזל צמר, ועשאן חוטים כשרים, מיהו לכתחילה אסור לעשותן ולענין ברכה תרמ""ט","אִם עֲשָׂאָם מִצֶּמֶר גָּזוּל פְּסוּלִים, דִּכְתִּיב וְעָשׂוּ לָהֶם, מִשֶּׁלָּהֶם: <small> הַגָּה: וְדַוְקָא שֶׁגָּזַל הַחוּטִין אֲבָל אִם גָּזַל צֶמֶר, וַעֲשָׂאָן חוּטִים </small> <small> כְּשֵׁרִים, מִיהוּ לְכַתְּחִלָּה אָסוּר לַעֲשׂוֹתָן </small> <small><small>(בֵּית יוֹסֵף בְּשֵׁם נִמּוּקֵי יוֹסֵף בְּהִלְכוֹת צִיצִית)</small></small> <small> וּלְעִנְיַן בְּרָכָה עַיֵּן לְקַמָּן רֵישׁ </small> <small> סִי' תרמ""ט </small> <small><small>(ע' מ""ש ר""ס ט""ו)</small>. </small> "
11,7,חוטים שאולין הלוואה היא דלא הדרי בעיניהו וכדידיה דמי.,,חוּטִים שְׁאוּלִין הַלְוָאָה הִיא דְּלָא הַדְרֵי בְּעֵינַיְהוּ וּכְדִידֵּיהּ דָּמִי. 
11,8,"המשתחווה לבהמה, צמרה פסול לציצית, המשתחווה לפשתן נטוע, כשר לציצית שהרי נשתנה.",,"הַמִּשְׁתַּחֲוֶה לִבְהֵמָה, צִמְרָהּ פָּסוּל לְצִיצִית, הַמִּשְׁתַּחֲוֶה לְפִשְׁתָּן נָטוּעַ, כָּשֵׁר לְצִיצִית שֶׁהֲרֵי נִשְׁתַּנָּה. "
11,9,"יעשה נקב באורך הטלית לא למעלה משלוש אצבעות מפני שאינו נקרא כנף, ולא למטה מכשעור שיש מקשר גודל עד סוף הציפורן, משום שנאמר על הכנף ואם היה למטה ממלא קשר גודל, היה תחת הכנף",ומודדין זה ביושר ולא באלכסון מן הקרן,"יַעֲשֶׂה נֶקֶב בְּאֹרֶךְ הַטַּלִּית לֹא לְמַעְלָה מִג' אֶצְבָּעוֹת <small> הַיְנוּ גּוּדָלִין </small> <small><small>(כָּל בּוֹ סִימָן כ""ב וּמַיְמוֹנִי וְהַגָּה ' סְמַ""ק סי' ל""א)</small></small> מִפְּנֵי שֶׁאֵינוֹ נִקְרָא כָּנָף, וְלֹא לְמַטָּה מִכַּשִּׁעוּר שֶׁיֵּשׁ מִקֶּשֶׁר גּוּדָל עַד סוֹף הַצִּפֹּרֶן, מִשּׁוּם שֶׁנֶּאֱמַר עַל הַכָּנָף וְאִם הָיָה לְמַטָּה מִמְּלֹא קֶשֶׁר גּוּדָל, הָיָה תַּחַת הַכָּנָף: <small> הַגָּה: וּמוֹדְדִין זֶה </small> <small> בְּיֹשֶׁר וְלֹא בַּאֲלַכְסוֹן מִן הַקֶּרֶן </small> <small><small>(בֵּית יוֹסֵף)</small>. </small> "
11,10,"אם היה רחוק מהכנף מלא קשר גודל וניתקו מחוטי הערב עד שלא נשאר בו כשעור כשר, כיוון שהיו בו כשעור בשעה שהטיל בו ציצית זה: יש אומרים שבתוך רוחב הבגד אין לו שעור, ויש אומרים שדין רוחב הבגד כדין האורך, ונראין דבריהם.",ונוהגין לעשות אימרא סביב הנקב שלא ינתק שם ויהיה פחות מכשעור וכן עושין אמרא בשפת הבגד למטה מהאי טעמא,"אִם הָיָה רָחוֹק מֵהַכָּנָף מְלֹא קֶשֶׁר גּוּדָל וְנִתְּקוֹ מֵחוּטֵי הָעֵרֶב עַד שֶׁלֹּא נִשְׁאַר בּוֹ כְּשִׁעוּר כָּשֵׁר, כֵּיוָן שֶׁהָיוּ בּוֹ כַּשִּׁעוּר בְּשָׁעָה שֶׁהֵטִיל בּוֹ צִיצִית זֶה: <small> הַגָּה: וְנוֹהֲגִין לַעֲשׂוֹת </small> <small> אִימְרָא סְבִיב הַנֶּקֶב שֶׁלֹּא יִנָּתֵק שָׁם וְיִהְיֶה פָּחוֹת מִכַּשִּׁעוּר וְכֵן עוֹשִׂין אִמְרָא בִּשְׂפַת הַבֶּגֶד לְמַטָּה מֵהַאי טַעֲמָא </small> <small><small>(בֵּית יוֹסֵף בְּשֵׁם סְמַ""ק וְכָל בּוֹ)</small></small> יֵשׁ אוֹמְרִים שֶׁבְּתוֹךְ רֹחַב הַבֶּגֶד אֵין לוֹ שִׁעוּר, וְיֵשׁ אוֹמְרִים שֶׁדִּין רֹחַב הַבֶּגֶד כְּדִין הָאֹרֶךְ, וְנִרְאִין דִּבְרֵיהֶם. "
11,11,"אם הגדיל שקורין אוריליי""ו הוא רחב לא יטיל בו הציציות. ואם הטיל בו, פסול, דעל כנפי בגדיהם כתיב, וזה אינו נחשב מהבגד, אבל עולה הוא לשעור מלא קשר גודל ולהרחקת שלוש אצבעות כיוון שהנקב בתוך הבגד",וטוב שימדוד שעור קשר גודל בלא הגדיל ויהיה תוך שלוש אצבעות עם הגדיל,"אִם הַגְּדִיל שֶׁקּוֹרִין אוריליי""ו הוּא רָחָב לֹא יָטִיל בּוֹ הַצִּיצִיּוֹת. וְאִם הֵטִיל בּוֹ, פָּסוּל, דְּעַל כַּנְפֵי בִּגְדֵיהֶם כְּתִיב, וְזֶה אֵינוֹ נֶחְשָׁב מֵהַבֶּגֶד, אֲבָל עוֹלֶה הוּא לְשִׁעוּר מְלֹא קֶשֶׁר גּוּדָל וּלְהַרְחָקַת ג' אֶצְבָּעוֹת כֵּיוָן שֶׁהַנֶּקֶב בְּתוֹךְ הַבֶּגֶד: <small> הַגָּה: וְטוֹב שֶׁיִּמְדֹּד שִׁעוּר קֶשֶׁר גּוּדָל </small> <small> בְּלֹא הַגְּדִיל וְיִהְיֶה תּוֹךְ ג' אֶצְבָּעוֹת עִם הַגְּדִיל </small> <small><small>(בֵּית יוֹסֵף בְּשֵׁם רַשִׁ""י וְרַשְׁבָּ""א)</small>. </small> "
11,12,"מנין חוטי הציציות בכל כנף ארבעה כפולים שהם שמונה, ואם הוסיף פסול. יחתוך ראשי החוטין הארבעה, ויתחבם בכנף, ויכפלם ואז יהיו ח'.",,"מִנְיַן חוּטֵי הַצִּיצִיּוֹת בְּכָל כָּנָף אַרְבָּעָה כְּפוּלִים שֶׁהֵם שְׁמוֹנָה, וְאִם הוֹסִיף פָּסוּל. יַחְתֹּךְ רָאשֵׁי הַחוּטִין הָאַרְבָּעָה, וְיִתְחֲבֵם בַּכָּנָף, וְיִכְפְּלֵם וְאָז יִהְיוּ ח'. "
11,13,"יזהר לחתוך ראשי החוטין לעשותם ח' קודם שיכרוך, שאם כרך אפילו חוליא אחת וקשר אפילו קשר אחד, ואחר כך חתכן פסול, משום תעשה ולא מן העשוי, שהרי בפסול עשאם.",,"יִזָּהֵר לַחְתֹּךְ רָאשֵׁי הַחוּטִין לַעֲשׂוֹתָם ח' קֹדֶם שֶׁיִּכְרֹךְ, שֶׁאִם כָּרַךְ אֲפִלּוּ חוּלְיָא אַחַת <small><small>(פי' הַחֵלֶק מֵהַצִיצִית שֶׁבֵּין קֶשֶׁר לְקֶשֶׁר)</small></small> וְקָשַׁר אֲפִלּוּ קֶשֶׁר אֶחָד, וְאַחַר כָּךְ חֲתָכָן פָּסוּל, מִשּׁוּם תַּעֲשֶׂה וְלֹא מִן הֶעָשׂוּי, שֶׁהֲרֵי בְּפִסוּל עֲשָׂאָם. "
11,14,"יקח ד' חוטים מצד זה וד' מצד זה ויקשור שני פעמים זה על גב זה, ואחר כך יכרוך חוט הארוך סביב השבעה קצת כריכות, וקושר שני פעמים זה על גב זה וחוזר וכורך, וכן יעשה עד שישלים לחמישה קשרים כפולים וארבעה אווירים ביניהם מלאים כריכות, אין שעור לכריכות, רק שיהיה כל הכרוך והקשרים רוחב ארבעה גודלים, והענף שמונה גודלים: נוהגים לכרוך באוויר ראשון ז' כריכות, ובשני ט', ובשלישי י"" א, וברביעי שלושה עשר, שעולים כולם ארבעים כמנין ה' אחד, שעולים שלושים תשעה ועם השם הם ארבעים. נהגו לעשות בסוף כל חוט קשר כדי שיעמוד בשזירתו.",ואם האריך הציצית יראה ששלישיתו יהיה גדיל וב' חלקים ענף,"יִקַּח ד' חוּטִים מִצַּד זֶה וְד' מִצַּד זֶה וְיִקְשֹׁר שְׁנֵי פְּעָמִים זֶה עַל גַּב זֶה, וְאַחַר כָּךְ יִכְרֹךְ חוּט הָאָרֹךְ סְבִיב הַשִּׁבְעָה קְצָת כְּרִיכוֹת, וְקוֹשֵׁר שְׁנֵי פְּעָמִים זֶה עַל גַּב זֶה וְחוֹזֵר וְכוֹרֵךְ, וְכֵן יַעֲשֶׂה עַד שֶׁיַּשְׁלִים לַחֲמִשָּׁה קְשָׁרִים כְּפוּלִים וְאַרְבָּעָה אֲוִירִים בֵּינֵיהֶם מְלֵאִים כְּרִיכוֹת, אֵין שִׁעוּר לַכְּרִיכוֹת, רַק שֶׁיִּהְיֶה כָּל הַכָּרוּךְ וְהַקְּשָׁרִים רֹחַב אַרְבָּעָה גּוּדָלִים, וְהֶעָנָף שְׁמֹנָה גּוּדָלִים: <small> הַגָּה: וְאִם הֶאֱרִיךְ הַצִּיצִית יִרְאֶה שֶׁשְּׁלִישִׁיתוֹ יִהְיֶה גְּדִיל </small> <small> וּב' חֲלָקִים עָנָף </small> <small><small>(רַמְבַּ""ם פ""א)</small></small> נוֹהֲגִים לִכְרֹךְ בַּאֲוִיר רִאשׁוֹן ז' כְּרִיכוֹת, וּבַשֵּׁנִי ט', וּבַשְּׁלִישִׁי י"" א, וּבָרְבִיעִי י""ג, שֶׁעוֹלִים כֻּלָּם אַרְבָּעִים כְּמִנְיַן ה' אֶחָד, שֶׁעוֹלִים ל""ט וְעִם הַשֵּׁם הֵם אַרְבָּעִים. נָהֲגוּ לַעֲשׂוֹת בְּסוֹף כָּל חוּט קֶשֶׁר כְּדֵי שֶׁיַּעֲמֹד בִּשְׁזִירָתוֹ. "
11,15,"יש אומרים שצריך לדקדק שיתלה הציצית לאורך הטלית דבעינן שתהא נוטפות על הקרן פרוש תלוי על הקרן, ואם היה ברוחבו לא היה נוטף שהרי כלפי קרקע היה תלוי. יש אומרים שאין לתת שום בגד בנקבי הטלית שמכניסים בהם הציציות, ויש מתירין, וכן נהגו",,"יֵשׁ אוֹמְרִים שֶׁצָּרִיךְ לְדַקְדֵּק שֶׁיִּתְלֶה הַצִּיצִית לְאֹרֶךְ הַטַּלִּית דְּבָעֵינָן שֶׁתְּהֵא נוֹטְפוֹת עַל הַקֶּרֶן פֵּרוּשׁ תָּלוּי עַל הַקֶּרֶן, וְאִם הָיָה בְּרָחְבּוֹ לֹא הָיָה נוֹטֵף שֶׁהֲרֵי כְּלַפֵּי קַרְקַע הָיָה תָּלוּי. יֵשׁ אוֹמְרִים שֶׁאֵין לָתֵת שׁוּם בֶּגֶד בְּנִקְבֵי הַטַּלִּית שֶׁמַּכְנִיסִים בָּהֶם הַצִּיצִיּוֹת, וְיֵשׁ מַתִּירִין, וְכֵן נָהֲגוּ: "
12,1,"אם נפסקו כל חוטי הכנף ונשתייר בהם כדי עניבת כל החוטים הפסוקים ביחד כשר, ואם לא נשאר כדי עניבה אפילו בחוט אחד שנפסק כולו פסול, הלכך כיוון שכל אחד כפול לשניים אם נפסקו שני ראשים פסול, שמא נפסק חוט אחד. ולפי מה שאנו נוהגים לדקדק בעת עשיית הציצית לתת סימן בד' ראשים בענין שלעולם הד' ראשים הם מצד אחד של הקשר, והד' ראשים מצד האחר, אם נפסקו שני ראשים מצד אחד כשר, דוודאי שני חוטין הם והרי נשתייר מכל אחד הראש השני שהוא יותר מכדי עניבה. ולרבנו תם לא מכשירים אלא בנשתיירו ב' חוטין שלמים, דהינו ארבע ראשים שכל אחד מהראשים ארוך שנים עשר גודלים אז מכשירים כשנתפסקו השני חוטין אחרים אם נשתייר בהם כדי עניבה, אבל אם נפסקו ג' חוטין, אף על פי שנשתייר בהם כדי עניבה פסולים. ומיפני כך כשנחתכו ג' ראשים אם לא דקדק בעת עשיית הציצית שיהיו גוים הד' ראשים שמיצד אחד של הקשר חיישינן שמא כל ראש הוא מחוט אחד, ונמצא שאין כאן אלא חוט אחד שלם, הלכך מספקא פסול: אבל אם לא נחתכו אלא ב' ראשים מכשרינן בכדי עניבה, והלכה כסברא ראשונה מיהו היכא דאפשר טוב לחוש לסברת רבנו תם",וכל שכן אם דקדק שיהיו נכרין הד' ראשים שבצד אחד ונפסקו ג' ראשים בצד אחד דפסולה דאז ודאי נפסקו ג' חוטין ואם נפסקו בב' צדדין נמי פסול שמא שלושה חוטין הם ונוהגין כרבנו תם,"אִם נִפְסְקוּ כָּל חוּטֵי הַכָּנָף וְנִשְׁתַּיֵּר בָּהֶם כְּדֵי עֲנִיבַת כָּל הַחוּטִים הַפְּסוּקִים בְּיַחַד כָּשֵׁר, וְאִם לֹא נִשְׁאַר כְּדֵי עֲנִיבָה אֲפִלּוּ בְּחוּט אֶחָד שֶׁנִּפְסַק כֻּלּוֹ פָּסוּל, הִלְכָּךְ כֵּיוָן שֶׁכָּל אֶחָד כָּפוּל לִשְׁנַיִם אִם נִפְסְקוּ שְׁנֵי רָאשִׁים פָּסוּל, שֶׁמָּא נִפְסַק חוּט אֶחָד. וּלְפִי מַה שֶּׁאָנוּ נוֹהֲגִים לְדַקְדֵּק בְּעֵת עֲשִׂיַּת הַצִּיצִית לָתֵת סִימָן בְּד' רָאשִׁים בְּעִנְיָן שֶׁלְּעוֹלָם הַד' רָאשִׁים הֵם מִצַּד אֶחָד שֶׁל הַקֶּשֶׁר, וְהַד' רָאשִׁים מִצַּד הָאַחֵר, אִם נִפְסְקוּ שְׁנֵי רָאשִׁים מִצַּד אֶחָד כָּשֵׁר, דְּוַדַּאי שְׁנֵי חוּטִין הֵם וַהֲרֵי נִשְׁתַּיֵּר מִכָּל אֶחָד הָרֹאשׁ הַשֵּׁנִי שֶׁהוּא יוֹתֵר מִכְּדֵי עֲנִיבָה. וּלְרַבֵּנוּ תָּם לֹא מַכְשִׁירִים אֶלָּא בְּנִשְׁתַּיְּרוּ ב' חוּטִין שְׁלֵמִים, דְּהַיְנוּ אַרְבַּע רָאשִׁים שֶׁכָּל אֶחָד מֵהָרָאשִׁים אָרֹךְ י""ב גּוּדָלִים אָז מַכְשִׁירִים כְּשֶׁנִּתְפַּסְקוּ הַשְּׁנֵי חוּטִין אֲחֵרִים אִם נִשְׁתַּיֵּר בָּהֶם כְּדֵי עֲנִיבָה, אֲבָל אִם נִפְסְקוּ ג' חוּטִין, אַף עַל פִּי שֶׁנִּשְׁתַּיֵּר בָּהֶם כְּדֵי עֲנִיבָה פְּסוּלִים. וּמִפְּנֵי כָּךְ כְּשֶׁנֶּחְתְּכוּ ג' רָאשִׁים אִם לֹא דִּקְדֵּק בְּעֵת עֲשִׂיַּת הַצִּיצִית שֶׁיִּהְיוּ נִכָּרִים הַד' רָאשִׁים שֶׁמִּצַּד אֶחָד שֶׁל הַקֶּשֶׁר חַיְישִׁינָן שֶׁמָּא כָּל רֹאשׁ הוּא מֵחוּט אֶחָד, וְנִמְצָא שֶׁאֵין כָּאן אֶלָּא חוּט אֶחָד שָׁלֵם, הִלְכָּךְ מִסְפֵקָא פָּסוּל: <small> הַגָּה: וְכָל שֶׁכֵּן אִם דִּקְדֵּק שֶׁיִּהְיוּ נִכָּרִין הַד' רָאשִׁים שֶׁבְּצַד אֶחָד וְנִפְסְקוּ ג' רָאשִׁים בְּצַד אֶחָד דִּפְסוּלָה דְּאָז וַדַּאי נִפְסְקוּ ג' חוּטִין וְאִם נִפְסְקוּ בְּב' צְדָדִין נָמֵי פָּסוּל שֶׁמָּא שְׁלֹשָׁה חוּטִין הֵם </small> <small><small>(בֵּית יוֹסֵף בְּשֵׁם בֶּן חָבִיב)</small>: </small> אֲבָל אִם לֹא נֶחְתְּכוּ אֶלָּא ב' רָאשִׁים מַכְשְׁרִינָן בִּכְדֵי עֲנִיבָה, וַהֲלָכָה כִּסְבָרָא רִאשׁוֹנָה מִיהוּ הֵיכָא דְּאֶפְשָׁר טוֹב לָחוּשׁ לִסְבָרַת רַבֵּנוּ תָּם: <small> הַגָּה: וְנוֹהֲגִין כְּרַבֵּנוּ תָּם </small> <small><small>(אֲגֻדָּה סִימָן ט""ו)</small>. </small> "
12,2,"היכא דצריך כדי עניבה ומיתוך שהחוטים עבים אינו יכול לעונבם, ואילו היו דקים היה בהם כדי עניבה כשר",ומשערין בחוטין בינונים,"הֵיכָא דְּצָרִיךְ כְּדֵי עֲנִיבָה וּמִתּוֹךְ שֶׁהַחוּטִים עָבִים אֵינוֹ יָכוֹל לְעָנְבָם, וְאִלּוּ הָיוּ דַּקִּים הָיָה בָּהֶם כְּדֵי עֲנִיבָה כָּשֵׁר: <small> הַגָּה: וּמְשַׁעֲרִין בְּחוּטִין בֵּינוֹנִים </small> <small><small>(דִּבְרֵי עַצְמוֹ)</small>. </small> "
12,3,"כדי עניבה לרש""י מן הענף, ולר""י אפילו נחתך כל הענף ולא נשאר כדי עניבה אלא מן הגדיל כשר, ומנהג העולם כרש""י והיכא דלא אפשר יש לסמוך על ר""י",,"כְּדֵי עֲנִיבָה לְרַשִׁ""י מִן הֶעָנָף, וּלְר""י אֲפִלּוּ נֶחְתַּךְ כָּל הֶעָנָף וְלֹא נִשְׁאַר כְּדֵי עֲנִיבָה אֶלָּא מִן הַגְּדִיל כָּשֵׁר, וּמִנְהַג הָעוֹלָם כְּרַשִׁ""י וְהֵיכָא דְּלֹא אֶפְשָׁר יֵשׁ לִסְמֹךְ עַל ר""י: "
587,1,"התוקע בתוך הבור או בתוך המערה, אותם העומדים בתוך הבור והמערה יוצאו; והעומדים בחוץ, אם קול שופר שמעו, יוצאו, ואם קול הברה שמעו, לא יוצאו; וכן התוקע לתוך חבית גדולה וכיוצא בה, אם קול שופר שמע, יצא, ואם קול הברה שמע, לא יצא.",,"הַתּוֹקֵעַ בְּתוֹךְ הַבּוֹר אוֹ בְּתוֹךְ הַמְּעָרָה, אוֹתָם הָעוֹמְדִים בְּתוֹךְ הַבּוֹר וְהַמְּעָרָה יָצְאוּ; וְהָעוֹמְדִים בַּחוּץ, אִם קוֹל שׁוֹפָר שָׁמְעוּ, יָצְאוּ, וְאִם קוֹל הֲבָרָה שָׁמְעוּ, לֹא יָצְאוּ; וְכֵן הַתּוֹקֵעַ לְתוֹךְ חָבִית גְּדוֹלָה וְכַיּוֹצֵא בָּהּ, אִם קוֹל שׁוֹפָר שָׁמַע, יָצָא, וְאִם קוֹל הֲבָרָה שָׁמַע, לֹא יָצָא. "
587,2,"אם התחיל לתקע בבור ועלה חוץ לבור וגמרה, יצא, שכל מה ששמע בין בפנים בין בחוץ היה קול שופר.",וכן אותם שהיו בבור בתחילת התקיעה,"אִם הִתְחִיל לִתְקֹעַ בַּבּוֹר וְעָלָה חוּץ לַבּוֹר וּגְמָרָהּ, יָצָא, שֶׁכָּל מַה שֶּׁשָּׁמַע בֵּין בִּפְנִים בֵּין בַּחוּץ הָיָה קוֹל שׁוֹפָר. <small> הַגָּה: וְכֵן אוֹתָם שֶׁהָיוּ בַּבּוֹר </small> <small> בִּתְחִלַּת הַתְּקִיעָה </small> <small><small>(גְּמָרָא)</small>. </small> "
587,3,"השומע מקצת תקיעה שלא בחיוב, ומקצתה בחיוב; או שאמר לתוקע כמתעסק: כוון להוציאני ידי חובתי, ותקע ומשך בה שעור תקיעה, לא יצא; ויש אומרים שיצא אי איכא שעור תקיעה בחיוב;","והוא הדין אם שמע מקצת התקיעה קול הברה, כגון שהיה התוקע בבור והוא עומד בחוץ ובאמצע התקיעה יצא לחוץ","הַשּׁוֹמֵעַ מִקְצָת תְּקִיעָה שֶׁלֹּא בְּחִיּוּב, וּמִקְצָתָהּ בְּחִיּוּב; אוֹ שֶׁאָמַר לַתּוֹקֵעַ כְּמִתְעַסֵק: כַּוֵּן לְהוֹצִיאֵנִי יְדֵי חוֹבָתִי, וְתָקַע וּמָשַׁךְ בָּהּ שִׁעוּר תְּקִיעָה, לֹא יָצָא; וְיֵשׁ אוֹמְרִים שֶׁיָּצָא אִי אִיכָּא שִׁעוּר תְּקִיעָה בְּחִיּוּב; <small> הַגָּה: וְהוּא הַדִּין אִם שָׁמַע מִקְצָת הַתְּקִיעָה קוֹל הֲבָרָה, כְּגוֹן שֶׁהָיָה הַתּוֹקֵעַ בְּבוֹר וְהוּא עוֹמֵד בַּחוּץ </small> <small> וּבְאֶמְצַע הַתְּקִיעָה יָצָא לַחוּץ </small> <small><small>(טוּר)</small>. </small> "
588,1,"זמן תקיעת שופר ביום ולא בלילה; ומצוותה משעת הנץ החמה ואילך, ואם תקע משעלה עמוד השחר יצא. ואם שמע מקצת תקיעה קודם שעלה עמוד השחר, ומקצתה אחרי שעלה עמוד השחר, לא יצא.","ואם היה שעור תקיעה במה ששמע ביום, נתבאר בסימן תקפ""ז ג'.","זְמַן תְּקִיעַת שׁוֹפָר בַּיּוֹם וְלֹא בַּלַּיְלָה; וּמִצְוָתָהּ מִשְּׁעַת הָנֵץ הַחַמָּה וָאֵילָךְ, וְאִם תָּקַע מִשֶּׁעָלָה עַמּוּד הַשַּׁחַר יָצָא. וְאִם שָׁמַע מִקְצָת תְּקִיעָה קֹדֶם שֶׁעָלָה עַמּוּד הַשַּׁחַר, וּמִקְצָתָהּ אַחַר שֶׁעָלָה עַמּוּד הַשַּׁחַר, לֹא יָצָא. <small> הַגָּה: וְאִם הָיָה שִׁעוּר תְּקִיעָה בְּמַה שֶּׁשָּׁמַע בַּיּוֹם, נִתְבָּאֵר בְּסִימָן תקפ""ז סָעִיף ג'. </small> "
588,2,"שמע ט' תקיעות בט' שעות ביום, יצא ואפילו הם מט' בני אדם תקיעה מזה ותרועה מזה ותקיעה מזה; ויש אומרים דדווקא בשלא הפסיק ביניהם בקול שופר שאינו ראוי באותה בבא.",,"שָׁמַע ט' תְּקִיעוֹת בְּט' שָׁעוֹת בַּיּוֹם, יָצָא וַאֲפִלּוּ הֵם מִט' בְּנֵי אָדָם תְּקִיעָה מִזֶּה וּתְרוּעָה מִזֶּה וּתְקִיעָה מִזֶּה; וְיֵשׁ אוֹמְרִים דְּדַוְקָא בְּשֶׁלֹּא הִפְסִיק בֵּינֵיהֶם בְּקוֹל שׁוֹפָר שֶׁאֵינוֹ רָאוּי בְּאוֹתָהּ בָּבָא. "
588,3,"שמע ט' תקיעות מט' בני אדם שתקעו כולם כאחד, לא יצא, שאין כאן פשוטה לפניה ופשוטה לאחריה.","ואם שניים תקעו כאחד כל הסדר, ואפילו אחד תקע בחצוצרות, יצא דיהיב דעתיה על השופר","שָׁמַע ט' תְּקִיעוֹת מִט' בְּנֵי אָדָם שֶׁתָּקְעוּ כֻּלָּם כְּאֶחָד, לֹא יָצָא, שֶׁאֵין כָּאן פְּשׁוּטָה לְפָנֶיהָ וּפְשׁוּטָה לְאַחֲרֶיהָ. <small> הַגָּה: וְאִם שְׁנַיִם תָּקְעוּ כְּאֶחָד כָּל הַסֵּדֶר, וַאֲפִלּוּ אֶחָד תָּקַע בַּחֲצוֹצְרוֹת, יָצָא דְּיָהִיב דַּעְתֵּיהּ עַל הַשּׁוֹפָר </small> <small><small>(הַגָּהוֹת אֲשֵׁרִי וּגְמָרָא פ' רָאוּהוּ בֵּית דִּין)</small>. </small> "
588,4,"היה זה צריך פשוטה ראשונה וזה צריך פשוטה אחרונה, תקיעה אחת מוציאה את שניהם.",,"הָיָה זֶה צָרִיךְ פְּשׁוּטָה רִאשׁוֹנָה וְזֶה צָרִיךְ פְּשׁוּטָה אַחֲרוֹנָה, תְּקִיעָה אַחַת מוֹצִיאָה אֶת שְׁנֵיהֶם. "
588,5,יום טוב של ראש השנה שחל להיות בשבת אין תוקעין בשופר.,"ואסור לטלטלו, אם לא לצורך גופו ומקומו","יוֹם טוֹב שֶׁל רֹאשׁ הַשָּׁנָה שֶׁחָל לִהְיוֹת בְּשַׁבָּת אֵין תּוֹקְעִין בְּשׁוֹפָר. <small> הַגָּה: וְאָסוּר לְטַלְטְלוֹ, אִם לֹא לְצֹרֶךְ </small> <small> גּוּפוֹ וּמְקוֹמוֹ </small> <small><small>(אוֹר זָרוּעַ וְהַגָּהוֹת אֲשֵׁרִי סוֹף פֶּרֶק בַּמֶּה מַּדְלִיקִין)</small>. </small> "
589,1,כל שאינו מחוייב בדבר אינו מוציא אחרים ידי חובתן.,,כָּל שֶׁאֵינוֹ מְחֻיָּב בַּדָּבָר אֵינוֹ מוֹצִיא אֲחֵרִים יְדֵי חוֹבָתָן. 
589,2,"חרש שוטה וקטן פטורים; וחרש, אפילו מדבר ואינו שומע, אינו מוציא דכיוון דאינו שומע לאו בר חיובא הוא.","אבל שומע ואינו מדבר, מוציא אחרים ידי חובתן","חֵרֵשׁ שׁוֹטֶה וְקָטָן פְּטוּרִים; וְחֵרֵשׁ, אֲפִלּוּ מְדַבֵּר וְאֵינוֹ שׁוֹמֵעַ, אֵינוֹ מוֹצִיא דְּכֵיוָן דְּאֵינוֹ שׁוֹמֵעַ לָאו בַּר חִיּוּבָא הוּא. <small> הַגָּה: אֲבָל שׁוֹמֵעַ וְאֵינוֹ מְדַבֵּר, מוֹצִיא אֲחֵרִים יְדֵי חוֹבָתָן </small> <small><small>(בֵּית יוֹסֵף)</small>. </small> "
589,3,אשה פטורה משום דהווי מצוות עשה שהזמן גרמא.,,אִשָּׁה פְּטוּרָה מִשּׁוּם דְּהָוֵי מִצְוַת עֲשֵׂה שֶׁהַזְּמַן גְּרָמָא. 
589,4,"אנדרוגינוס מוציא את מינו; טומטום, אפילו את מינו אינו מוציא.",,"אַנְדְּרוֹגִינוּס מוֹצִיא אֶת מִינוֹ; טֻמְטוּם, אֲפִלּוּ אֶת מִינוֹ אֵינוֹ מוֹצִיא. "
589,5,"מי שחציו עבד וחציו בן חורין אינו מוציא אפילו עצמו, וצריך שיתקע לו בן חורין להוציאו.",,"מִי שֶׁחֶצְיוֹ עֶבֶד וְחֶצְיוֹ בֶּן חוֹרִין אֵינוֹ מוֹצִיא אֲפִלּוּ עַצְמוֹ, וְצָרִיךְ שֶׁיִּתְקַע לוֹ בֶּן חוֹרִין לְהוֹצִיאוֹ. "
589,6,"אף על פי שנשים פטורות, יכולות לתקע; וכן אחר שיצא כבר, יכול לתקע להוציאן, אבל אין מברכות ולא יברכו להן.","והמנהג שהנשים מברכות על מצוות עשה שהזמן גרמא על כן גם כאן מברכות לעצמן, אבל אחרים לא יברכו להן אם כבר יוצאו. ואינן תוקעין רק לנשים, אבל אם תוקעין לאיש המחוייב, מברכין לו אף על פי שכבר יוצאו, כמו שנתבאר סימן תקפ""ה ב' בהגהה א'","אַף עַל פִּי שֶׁנָּשִׁים פְּטוּרוֹת, יְכוֹלוֹת לִתְקֹעַ; וְכֵן אַחֵר שֶׁיָּצָא כְּבָר, יָכוֹל לִתְקֹעַ לְהוֹצִיאָן, אֲבָל אֵין מְבָרְכוֹת וְלֹא יְבָרְכוּ לָהֶן. <small> הַגָּה: וְהַמִּנְהָג שֶׁהַנָּשִׁים מְבָרְכוֹת עַל מִצְוַת עֲשֵׂה שֶׁהַזְּמַן גְּרָמָא עַל כֵּן גַּם כָּאן מְבָרְכוֹת לְעַצְמָן, אֲבָל אֲחֵרִים לֹא יְבָרְכוּ לָהֶן אִם כְּבָר יָצְאוּ. וְאֵינָן תּוֹקְעִין רַק לְנָשִׁים, אֲבָל אִם תּוֹקְעִין לְאִישׁ הַמְחֻיָּב, מְבָרְכִין לוֹ אַף עַל פִּי שֶׁכְּבָר יָצְאוּ, כְּמוֹ שֶׁנִּתְבָּאֵר סִימָן תקפ""ה סָעִיף ב' בַּהַגָּהָה א' </small> <small><small>(דִּבְרֵי עַצְמוֹ)</small>. </small> "
589,7,"המודר הנאה מחברו מותר לתקע לו תקיעה של מצווה; ודווקא כשהוא תוקע מאליו להוציאו, אבל אם אמר לו המודר: תקע והוציאני, אסור.","ואם אמר: קונם תקיעותיו עלי, בכל ענין אסור","הַמֻּדָּר הֲנָאָה מֵחֲבֵרוֹ מֻתָּר לִתְקֹעַ לוֹ תְּקִיעָה שֶׁל מִצְוָה; וְדַוְקָא כְּשֶׁהוּא תּוֹקֵעַ מֵאֵלָיו לְהוֹצִיאוֹ, אֲבָל אִם אָמַר לוֹ הַמֻּדָּר: תְּקַע וְהוֹצִיאֵנִי, אָסוּר. <small> הַגָּה: וְאִם אָמַר: קוֹנָם תְּקִיעוֹתָיו עָלַי, בְּכָל עִנְיָן אָסוּר </small> <small><small>(רַ""ן)</small>. </small> "
589,8,"המתעסק בתקיעת שופר להתלמד, לא יצא ידי חובתו; וכן השומע מן המתעסק, לא יצא; וכן התוקע לשורר ולא נתכוון לתקיעת מצווה, לא יצא. נתכוון שומע לצאת ידי חובתו, ולא נתכוון התוקע להוציאו; או שנתכוון התוקע להוציאו ולא נתכוון השומע לצאת, לא יצא ידי חובתו עד שיתכוון שומע ומשמיע.",,"הַמִּתְעַסֵק בִּתְקִיעַת שׁוֹפָר לְהִתְלַמֵּד, לֹא יָצָא יְדֵי חוֹבָתוֹ; וְכֵן הַשּׁוֹמֵעַ מִן הַמִּתְעַסֵק, לֹא יָצָא; וְכֵן הַתּוֹקֵעַ לְשׁוֹרֵר וְלֹא נִתְכַּוֵּן לִתְקִיעַת מִצְוָה, לֹא יָצָא. נִתְכַּוֵּן שׁוֹמֵעַ לָצֵאת יְדֵי חוֹבָתוֹ, וְלֹא נִתְכַּוֵּן הַתּוֹקֵעַ לְהוֹצִיאוֹ; אוֹ שֶׁנִּתְכַּוֵּן הַתּוֹקֵעַ לְהוֹצִיאוֹ וְלֹא נִתְכַּוֵּן הַשּׁוֹמֵעַ לָצֵאת, לֹא יָצָא יְדֵי חוֹבָתוֹ עַד שֶׁיִּתְכַּוֵּן שׁוֹמֵעַ וּמַשְׁמִיעַ. "
589,9,"מי שתקע ונתכוון להוציא כל השומע תקיעתו, ושמע השומע ונתכוון לצאת ידי חובתו, אף על פי שאין התוקע מתכוון לפלוני זה ששמע תקיעתו, ואינו יודע, יצא שהרי נתכוון להוציא לכל מי שישמענו; לפיכך מי שהיה מהלך בדרך או יושב בתוך ביתו, ושמע תקיעות משליח צבור, יצא, אם נתכוון לצאת, שהרי שליח צבור מתכוון להוציא את הרבים ידי חובתן.",,"מִי שֶׁתָּקַע וְנִתְכַּוֵּן לְהוֹצִיא כָּל הַשּׁוֹמֵעַ תְּקִיעָתוֹ, וְשָׁמַע הַשּׁוֹמֵעַ וְנִתְכַּוֵּן לָצֵאת יְדֵי חוֹבָתוֹ, אַף עַל פִּי שֶׁאֵין הַתּוֹקֵעַ מִתְכַּוֵּן לִפְלוֹנִי זֶה שֶׁשָּׁמַע תְּקִיעָתוֹ, וְאֵינוֹ יוֹדֵעַ, יָצָא שֶׁהֲרֵי נִתְכַּוֵּן לְהוֹצִיא לְכָל מִי שֶׁיִּשְׁמָעֶנּוּ; לְפִיכָךְ מִי שֶׁהָיָה מְהַלֵּךְ בַּדֶּרֶךְ אוֹ יוֹשֵׁב בְּתוֹךְ בֵּיתוֹ, וְשָׁמַע תְּקִיעוֹת מִשְּׁלִיחַ צִבּוּר, יָצָא, אִם נִתְכַּוֵּן לָצֵאת, שֶׁהֲרֵי שְׁלִיחַ צִבּוּר מִתְכַּוֵּן לְהוֹצִיא אֶת הָרַבִּים יְדֵי חוֹבָתָן. "
590,1,"כמה תקיעות חייב אדם לשמע בראש השנה, תשע; לפי שנאמר: תרועה ביובל ובראש השנה שלוש פעמים, וכל תרועה פשוטה לפניה ופשוטה לאחריה, ומיפי השמועה למדו שכל תרועות של חודש השביעי אחד הן, בין בראש השנה בין ביום הכיפורים של יובל, תשע תקיעות תוקעין בכל אחד משניהם: תר""ת, תר""ת, תר""ת.",,"כַּמָּה תְּקִיעוֹת חַיָּב אָדָם לִשְׁמֹעַ בְּרֹאשׁ הַשָּׁנָה, תֵּשַׁע; לְפִי שֶׁנֶּאֱמַר: תְּרוּעָה בַּיּוֹבֵל וּבְרֹאשׁ הַשָּׁנָה ג' פְּעָמִים, וְכָל תְּרוּעָה פְּשׁוּטָה לְפָנֶיהָ וּפְשׁוּטָה לְאַחֲרֶיהָ, וּמִפִּי הַשְּׁמוּעָה לָמְדוּ שֶׁכָּל תְּרוּעוֹת שֶׁל חֹדֶשׁ הַשְּׁבִיעִי אֶחָד הֵן, בֵּין בְּרֹאשׁ הַשָּׁנָה בֵּין בְּיוֹם הַכִּפּוּרִים שֶׁל יוֹבֵל, תֵּשַׁע תְּקִיעוֹת תּוֹקְעִין בְּכָל אֶחָד מִשְּׁנֵיהֶם: תר""ת, תר""ת, תר""ת. "
590,2,"תרועה זו האמורה בתורה, נסתפק לנו אם היא היללה שאנו קורים תרועה, או אם היא מה שאנו קורים שברים, או אם הם שניהם יחד; לפיכך, כדי לצאת ידי ספק צריך לתקע תשר""ת שלוש פעמים, ותש""ת שלוש פעמים, ותר""ת שלוש פעמים.",,"תְּרוּעָה זוֹ הָאֲמוּרָה בַּתּוֹרָה, נִסְתַּפֵּק לָנוּ אִם הִיא הַיְלָלָה שֶׁאָנוּ קוֹרִים תְּרוּעָה, אוֹ אִם הִיא מַה שֶּׁאָנוּ קוֹרִים שְׁבָרִים, אוֹ אִם הֵם שְׁנֵיהֶם יַחַד; לְפִיכָךְ, כְּדֵי לָצֵאת יְדֵי סָפֵק צָרִיךְ לִתְקֹעַ תשר""ת ג' פְּעָמִים, וְתש""ת ג' פְּעָמִים, וְתר""ת ג' פְּעָמִים. "
590,3,"יש אומרים ששעור תקיעה כתרועה, ושעור תרועה כשלושה יבבות, דהינו ג' כוחות בעולמא כל שהוא והם נקראין טרומיטין; ולפי זה צריך לזהר שלא יאריך בשבר כשלושה טרומיטין, שאם כן יצא מכלל שבר ונעשה תקיעה; וצריך להאריך בתקיעה של תשר""ת יותר מבשל תש""ת, ובשל תש""ת יותר מבשל תר""ת; ומיהו אם מאריך הרבה בכל תקיעה אין לחוש, שאין לה שעור למעלה; וכן בתרועה יכול להאריך בה כמו שירצה; וכן אם מוסיף על ג' שברים ועושה ד' או אלוהים, אין לחוש. ויש אומרים ששעור יבבא ג' טרומיטין; ושעור תרועה כשלושה יבבות, שהם ט' טרומיטין; ושעור תקיעה גם כן תשעה טרומיטין, כתרועה; ולפי זה אין לחוש אם האריך קצת בשברים; וצריך להאריך בתקיעה של תשר""ת כשעור שנים עשר טרומיטין, ומי שלא האריך בתקיעה כשעור הזה והאריך בשברים, לא קיים המצווה לא כמר ולא כמר.",,"יֵשׁ אוֹמְרִים שֶׁשִּׁעוּר תְּקִיעָה כִּתְרוּעָה, וְשִׁעוּר תְּרוּעָה כִּשְׁלֹשָׁה יְבָבוֹת, דְּהַיְנוּ ג' כֹּחוֹת בְּעָלְמָא כָּל שֶׁהוּא וְהֵם נִקְרָאִין טִרוּמִיטִין; וּלְפִי זֶה צָרִיךְ לִזָּהֵר שֶׁלֹּא יַאֲרִיךְ בְּשֶׁבֶר כִּשְׁלֹשָׁה טְרוּמִיטִין, שֶׁאִם כֵּן יָצָא מִכְּלַל שֶׁבֶר וְנַעֲשָׂה תְּקִיעָה; <small> וְיֵשׁ אוֹמְרִים דְּאֵין לָחוּשׁ אִם הֶאֱרִיךְ בַּשְּׁבָרִים קְצָת, וּבִלְבַד שֶׁלֹּא יַאֲרִיךְ יוֹתֵר </small> <small> מִדַּאי וְכֵן נוֹהֲגִין </small> <small><small>(מָרְדְּכַי וְהַגָּהוֹת אֲשֵׁרִי פי""ט)</small>, </small> וְצָרִיךְ לְהַאֲרִיךְ בַּתְּקִיעָה שֶׁל תשר""ת יוֹתֵר מִבְּשֶׁל תש""ת, וּבְשֶׁל תש""ת יוֹתֵר מִבְּשֶׁל תר""ת; וּמִיהוּ אִם מַאֲרִיךְ הַרְבֵּה בְּכָל תְּקִיעָה אֵין לָחוּשׁ, שֶׁאֵין לָהּ שִׁעוּר לְמַעְלָה; וְכֵן בִּתְרוּעָה יָכוֹל לְהַאֲרִיךְ בָּהּ כְּמוֹ שֶׁיִּרְצֶה; וְכֵן אִם מוֹסִיף עַל ג' שְׁבָרִים וְעוֹשֶׂה ד' אוֹ ה', אֵין לָחוּשׁ. וְיֵשׁ אוֹמְרִים שֶׁשִּׁעוּר יְבָבָא ג' טְרוּמִיטִין; וְשִׁעוּר תְּרוּעָה כִּשְׁלֹשָׁה יְבָבוֹת, שֶׁהֵם ט' טְרוּמִיטִין; וְשִׁעוּר תְּקִיעָה גַּם כֵּן תִּשְׁעָה טְרוּמִיטִין, כִּתְרוּעָה; וּלְפִי זֶה אֵין לָחוּשׁ אִם הֶאֱרִיךְ קְצָת בַּשְּׁבָרִים; וְצָרִיךְ לְהַאֲרִיךְ בַּתְּקִיעָה שֶׁל תשר""ת כְּשִׁעוּר י""ב טְרוּמִיטִין, וּמִי שֶׁלֹּא הֶאֱרִיךְ בַּתְּקִיעָה כַּשִּׁעוּר הַזֶּה וְהֶאֱרִיךְ בַּשְּׁבָרִים, לֹא קִיֵּם הַמִצְוָה לֹא כְּמַר וְלֹא כְּמַר. "
590,4,"ג' שברים צריך לעשותם בנשימה אחת, אבל ג' שברים ותרועה דתשר""ת יש אומרים שאינו צריך לעשותם בנשימה אחת, והוא שלא ישהה בהפסקה יותר מכדי נשימה, ויש אומרים שצריך לעשותם בנשימה אחת; וירא שמים יצא ידי כולם, ובתקיעות דמיושב יעשה בנשימה אחת; ובתקיעות דמעומד יעשה בב' נשימות.","והמנהג הפשוט לעשות הכול בב' נשימות, ואין לשנות.","ג' שְׁבָרִים צָרִיךְ לַעֲשׂוֹתָם בִּנְשִׁימָה אַחַת, אֲבָל ג' שְׁבָרִים וּתְרוּעָה דְּתשר""ת יֵשׁ אוֹמְרִים שֶׁאֵינוֹ צָרִיךְ לַעֲשׂוֹתָם בִּנְשִׁימָה אַחַת, וְהוּא שֶׁלֹּא יִשְׁהֶה בַּהַפְסָקָה יוֹתֵר מִכְּדֵי נְשִׁימָה, וְיֵשׁ אוֹמְרִים שֶׁצָּרִיךְ לַעֲשׂוֹתָם בִּנְשִׁימָה אַחַת; וִירֵא שָׁמַיִם יֵצֵא יְדֵי כֻּלָּם, וּבִתְקִיעוֹת דְּמְיֻשָּׁב יַעֲשֶׂה בִּנְשִׁימָה אַחַת; וּבִתְקִיעוֹת דְּמְעֻמָּד יַעֲשֶׂה בְּב' נְשִׁימוֹת. <small> הַגָּה: וְהַמִּנְהָג הַפָּשׁוּט לַעֲשׂוֹת הַכֹּל בְּב' נְשִׁימוֹת, וְאֵין לְשַׁנּוֹת. </small> "
590,5,"אם תקע תר""ת בנשימה אחת, יצא; ויש מי שאומר שלא יצא.",,"אִם תָּקַע תר""ת בִּנְשִׁימָה אַחַת, יָצָא; וְיֵשׁ מִי שֶׁאוֹמֵר שֶׁלֹּא יָצָא. "
590,6,"אם האריך בתקיעה אחרונה של תשר""ת כשעור ב' תקיעות, כדי שתעלה לשם תקיעה אחרונה של תשר""ת ובשביל הראשונה של תש""ת, לא עולתה לו אלא בשביל תקיעה אחת; ויש אומרים שאפילו בשביל אחת לא עולתה לו.","ואם תקע תקיעה אחת בין ב' סדרים והתנה שאיזה מן הסדרים הוא הנכון תעלה לו אותה תקיעה, יצא","אִם הֶאֱרִיךְ בִּתְקִיעָה אַחֲרוֹנָה שֶׁל תשר""ת כְּשִׁעוּר ב' תְּקִיעוֹת, כְּדֵי שֶׁתַּעֲלֶה לְשֵׁם תְּקִיעָה אַחֲרוֹנָה שֶׁל תשר""ת וּבִשְׁבִיל הָרִאשׁוֹנָה שֶׁל תש""ת, לֹא עָלְתָה לוֹ אֶלָּא בִּשְׁבִיל תְּקִיעָה אַחַת; וְיֵשׁ אוֹמְרִים שֶׁאֲפִלּוּ בִּשְׁבִיל אַחַת לֹא עָלְתָה לוֹ. <small> הַגָּה: וְאִם תָּקַע תְּקִיעָה אַחַת בֵּין ב' סְדָרִים וְהִתְנָה שֶׁאֵיזֶה מִן הַסְּדָרִים הוּא הַנָּכוֹן תַּעֲלֶה לוֹ אוֹתָהּ תְּקִיעָה, יָצָא </small> <small><small>(בֵּית יוֹסֵף)</small>. </small> "
590,7,"אם טעה בתשר""ת ואחר שתקע ב' שברים טעה והתחיל להריע, אם נזכר מיד יתקע שבר אחר; ואם לא נזכר עד שגמר התרועה שהתחיל בה בטעות, לא הפסיד התקיעה הראשונה שתקע, אלא חוזר ותוקע ג' שברים ומריע ותוקע; אבל אם ארע בתש""ת או תר""ת, הפסיד גם תקיעה ראשונה.",,"אִם טָעָה בְּתשר""ת וְאַחַר שֶׁתָּקַע ב' שְׁבָרִים טָעָה וְהִתְחִיל לְהָרִיעַ, אִם נִזְכַּר מִיָּד יִתְקַע שֶׁבֶר אַחֵר; וְאִם לֹא נִזְכַּר עַד שֶׁגָּמַר הַתְּרוּעָה שֶׁהִתְחִיל בָּהּ בְּטָעוּת, לֹא הִפְסִיד הַתְּקִיעָה הָרִאשׁוֹנָה שֶׁתָּקַע, אֶלָּא חוֹזֵר וְתוֹקֵעַ ג' שְׁבָרִים וּמֵרִיעַ וְתוֹקֵעַ; אֲבָל אִם אֵרַע בְּתש""ת אוֹ תר""ת, הִפְסִיד גַּם תְּקִיעָה רִאשׁוֹנָה. "
590,8,"אם הפסיק בתרועה בין תקיעה לשברים, או שהפסיק בשברים בין תרועה לתקיעה, וכן אם הריע ב' תרועות זו אחרי זו, או שתקע אחרי התרועה תקיעה כמתעסק שלא לשם תקיעה והפסיק בה בין תרועה לתקיעה; או לאחר שתקע שלושה שברים שתק והפסיק ואחר כך תקע שברים אחרים, ואפילו שבר אחד, בכל אלו הווי הפסק והפסיד גם תקיעה ראשונה.",,"אִם הִפְסִיק בִּתְרוּעָה בֵּין תְּקִיעָה לִשְׁבָרִים, אוֹ שֶׁהִפְסִיק בִּשְׁבָרִים בֵּין תְּרוּעָה לִתְקִיעָה, וְכֵן אִם הֵרִיעַ ב' תְּרוּעוֹת זוֹ אַחַר זוֹ, אוֹ שֶׁתָּקַע אַחַר הַתְּרוּעָה תְּקִיעָה כְּמִתְעַסֵק שֶׁלֹּא לְשֵׁם תְּקִיעָה וְהִפְסִיק בָּהּ בֵּין תְּרוּעָה לִתְקִיעָה; אוֹ לְאַחַר שֶׁתָּקַע שְׁלֹשָׁה שְׁבָרִים שָׁתַק וְהִפְסִיק וְאַחַר כָּךְ תָּקַע שְׁבָרִים אֲחֵרִים, וַאֲפִלּוּ שֶׁבֶר אֶחָד, בְּכָל אֵלּוּ הָוֵי הֶפְסֵק וְהִפְסִיד גַּם תְּקִיעָה רִאשׁוֹנָה. "
590,9,"אם תקע שני תשר""ת, או שני תש""ת, או שני תר""ת כהוגן וטעה בשלישי, אין צריך לחזור אלא לאחרון שטעה בו. אם תקע בצד הרחב של השופר, לא יצא.","ואחר שתקעו אומר השליח צבור פסוק אשרי העם יודעי תרועה, ואשרי, ומחזירין הספר למקומו.","אִם תָּקַע שְׁנֵי תשר""ת, אוֹ שְׁנֵי תש""ת, אוֹ שְׁנֵי תר""ת כַּהֹגֶן וְטָעָה בַּשְּׁלִישִׁי, אֵין צָרִיךְ לַחֲזֹר אֶלָּא לָאַחֲרוֹן שֶׁטָּעָה בּוֹ. אִם תָּקַע בַּצַּד הָרָחָב שֶׁל הַשּׁוֹפָר, לֹא יָצָא. <small> הַגָּה: וְאַחַר שֶׁתָּקְעוּ אוֹמֵר הַשְּׁלִיחַ צִבּוּר פָּסוּק </small> <small> אַשְׁרֵי הָעָם יוֹדְעַי תְּרוּעָה, וְאַשְׁרֵי, וּמַחֲזִירִין הַסֵּפֶר לִמְקוֹמוֹ. </small> "
